observation_date,DEXSZUS
1980-01-01,
1980-01-02,1.5775
1980-01-03,1.5720
1980-01-04,1.5755
1980-01-07,1.5700
1980-01-08,1.5770
1980-01-09,1.5740
1980-01-10,1.5790
1980-01-11,1.5830
1980-01-14,1.5830
1980-01-15,1.5950
1980-01-16,1.5850
1980-01-17,1.5930
1980-01-18,1.5930
1980-01-21,1.6045
1980-01-22,1.6090
1980-01-23,1.6060
1980-01-24,1.6085
1980-01-25,1.6160
1980-01-28,1.6188
1980-01-29,1.6170
1980-01-30,1.6215
1980-01-31,1.6380
1980-02-01,1.6335
1980-02-04,1.6310
1980-02-05,1.6260
1980-02-06,1.6060
1980-02-07,1.6160
1980-02-08,1.6190
1980-02-11,1.6170
1980-02-12,
1980-02-13,1.6133
1980-02-14,1.6170
1980-02-15,1.6290
1980-02-18,
1980-02-19,1.6385
1980-02-20,1.6440
1980-02-21,1.6403
1980-02-22,1.6620
1980-02-25,1.6695
1980-02-26,1.6705
1980-02-27,1.6650
1980-02-28,1.6720
1980-02-29,1.7025
1980-03-03,1.7150
1980-03-04,1.7210
1980-03-05,1.7105
1980-03-06,1.7150
1980-03-07,1.7150
1980-03-10,1.7350
1980-03-11,1.7345
1980-03-12,1.7295
1980-03-13,1.7440
1980-03-14,1.7540
1980-03-17,1.7880
1980-03-18,1.7810
1980-03-19,1.7735
1980-03-20,1.7618
1980-03-21,1.7790
1980-03-24,1.7890
1980-03-25,1.7980
1980-03-26,1.7945
1980-03-27,1.8285
1980-03-28,1.8325
1980-03-31,1.8515
1980-04-01,1.8640
1980-04-02,1.8560
1980-04-03,1.8635
1980-04-04,1.8700
1980-04-07,1.8770
1980-04-08,1.8410
1980-04-09,1.7860
1980-04-10,1.7550
1980-04-11,1.7480
1980-04-14,1.7430
1980-04-15,1.7695
1980-04-16,1.7310
1980-04-17,1.7370
1980-04-18,1.7400
1980-04-21,1.7240
1980-04-22,1.7440
1980-04-23,1.6990
1980-04-24,1.7005
1980-04-25,1.6940
1980-04-28,1.6715
1980-04-29,1.6700
1980-04-30,1.6675
1980-05-01,1.6680
1980-05-02,1.6950
1980-05-05,1.6625
1980-05-06,1.6555
1980-05-07,1.6500
1980-05-08,1.6620
1980-05-09,1.6820
1980-05-12,1.6610
1980-05-13,1.6670
1980-05-14,1.6600
1980-05-15,1.6645
1980-05-16,1.6710
1980-05-19,1.6765
1980-05-20,1.6795
1980-05-21,1.6625
1980-05-22,1.6615
1980-05-23,1.6500
1980-05-26,
1980-05-27,1.6375
1980-05-28,1.6450
1980-05-29,1.6530
1980-05-30,1.6620
1980-06-02,1.6602
1980-06-03,1.6540
1980-06-04,1.6470
1980-06-05,1.6480
1980-06-06,1.6350
1980-06-09,1.6225
1980-06-10,1.6225
1980-06-11,1.6290
1980-06-12,1.6240
1980-06-13,1.6135
1980-06-16,1.6340
1980-06-17,1.6300
1980-06-18,1.6230
1980-06-19,1.6380
1980-06-20,1.6320
1980-06-23,1.6345
1980-06-24,1.6400
1980-06-25,1.6382
1980-06-26,1.6287
1980-06-27,1.6275
1980-06-30,1.6298
1980-07-01,1.6265
1980-07-02,1.6195
1980-07-03,1.6130
1980-07-04,
1980-07-07,1.5875
1980-07-08,1.5910
1980-07-09,1.5955
1980-07-10,1.5948
1980-07-11,1.5950
1980-07-14,1.6050
1980-07-15,1.6100
1980-07-16,1.6045
1980-07-17,1.5970
1980-07-18,1.6107
1980-07-21,1.6025
1980-07-22,1.5980
1980-07-23,1.6005
1980-07-24,1.5950
1980-07-25,1.5988
1980-07-28,1.6075
1980-07-29,1.6235
1980-07-30,1.6480
1980-07-31,1.6480
1980-08-01,1.6630
1980-08-04,1.6495
1980-08-05,1.6395
1980-08-06,1.6300
1980-08-07,1.6445
1980-08-08,1.6505
1980-08-11,1.6505
1980-08-12,1.6410
1980-08-13,1.6440
1980-08-14,1.6445
1980-08-15,1.6440
1980-08-18,1.6585
1980-08-19,1.6608
1980-08-20,1.6585
1980-08-21,1.6565
1980-08-22,1.6740
1980-08-25,1.6695
1980-08-26,1.6622
1980-08-27,1.6615
1980-08-28,1.6450
1980-08-29,1.6490
1980-09-01,
1980-09-02,1.6360
1980-09-03,1.6290
1980-09-04,1.6300
1980-09-05,1.6350
1980-09-08,1.6258
1980-09-09,1.6313
1980-09-10,1.6302
1980-09-11,1.6285
1980-09-12,1.6305
1980-09-15,1.6322
1980-09-16,1.6340
1980-09-17,1.6303
1980-09-18,1.6418
1980-09-19,1.6445
1980-09-22,1.6580
1980-09-23,1.6610
1980-09-24,1.6445
1980-09-25,1.6450
1980-09-26,1.6455
1980-09-29,1.6543
1980-09-30,1.6535
1980-10-01,1.6420
1980-10-02,1.6460
1980-10-03,1.6455
1980-10-06,1.6330
1980-10-07,1.6382
1980-10-08,1.6380
1980-10-09,1.6360
1980-10-10,1.6360
1980-10-13,
1980-10-14,1.6450
1980-10-15,1.6475
1980-10-16,1.6505
1980-10-17,1.6580
1980-10-20,1.6580
1980-10-21,1.6570
1980-10-22,1.6640
1980-10-23,1.6625
1980-10-24,1.6755
1980-10-27,1.6995
1980-10-28,1.7075
1980-10-29,1.6960
1980-10-30,1.7120
1980-10-31,1.7150
1980-11-03,1.7170
1980-11-04,
1980-11-05,1.7420
1980-11-06,1.7453
1980-11-07,1.7450
1980-11-10,1.7075
1980-11-11,
1980-11-12,1.7105
1980-11-13,1.7040
1980-11-14,1.7140
1980-11-17,1.7370
1980-11-18,1.7270
1980-11-19,1.7155
1980-11-20,1.7235
1980-11-21,1.7280
1980-11-24,1.7315
1980-11-25,1.7265
1980-11-26,1.7285
1980-11-27,
1980-11-28,1.7385
1980-12-01,1.7525
1980-12-02,1.7575
1980-12-03,1.7505
1980-12-04,1.7515
1980-12-05,1.7715
1980-12-08,1.7750
1980-12-09,1.7925
1980-12-10,1.8200
1980-12-11,1.8270
1980-12-12,1.8165
1980-12-15,1.8090
1980-12-16,1.8305
1980-12-17,1.8030
1980-12-18,1.8070
1980-12-19,1.8010
1980-12-22,1.7730
1980-12-23,1.7750
1980-12-24,1.7630
1980-12-25,
1980-12-26,1.7725
1980-12-29,1.7750
1980-12-30,1.7670
1980-12-31,1.7875
1981-01-01,
1981-01-02,1.7900
1981-01-05,1.7570
1981-01-06,1.7505
1981-01-07,1.7670
1981-01-08,1.7746
1981-01-09,1.7970
1981-01-12,1.8050
1981-01-13,1.8120
1981-01-14,1.8070
1981-01-15,1.8155
1981-01-16,1.8220
1981-01-19,1.8290
1981-01-20,1.8190
1981-01-21,1.8120
1981-01-22,1.8335
1981-01-23,1.8405
1981-01-26,1.8510
1981-01-27,1.8695
1981-01-28,1.8825
1981-01-29,1.9030
1981-01-30,1.9320
1981-02-02,1.9200
1981-02-03,1.9370
1981-02-04,1.9160
1981-02-05,1.9440
1981-02-06,1.9420
1981-02-09,1.9410
1981-02-10,1.9485
1981-02-11,1.9520
1981-02-12,
1981-02-13,2.0175
1981-02-16,
1981-02-17,1.9955
1981-02-18,1.9880
1981-02-19,1.9250
1981-02-20,1.8850
1981-02-23,1.9025
1981-02-24,1.9190
1981-02-25,1.9165
1981-02-26,1.9480
1981-02-27,1.9620
1981-03-02,1.9825
1981-03-03,1.9710
1981-03-04,1.9475
1981-03-05,1.9450
1981-03-06,1.9575
1981-03-09,1.9290
1981-03-10,1.9230
1981-03-11,1.9370
1981-03-12,1.9370
1981-03-13,1.9270
1981-03-16,1.9020
1981-03-17,1.9005
1981-03-18,1.8650
1981-03-19,1.8700
1981-03-20,1.8865
1981-03-23,1.8982
1981-03-24,1.8965
1981-03-25,1.9040
1981-03-26,1.9280
1981-03-27,1.9350
1981-03-30,1.9120
1981-03-31,1.9280
1981-04-01,1.9165
1981-04-02,1.9245
1981-04-03,1.9425
1981-04-06,1.9690
1981-04-07,1.9390
1981-04-08,1.9430
1981-04-09,1.9540
1981-04-10,1.9610
1981-04-13,1.9805
1981-04-14,1.9740
1981-04-15,1.9885
1981-04-16,1.9940
1981-04-17,1.9985
1981-04-20,1.9900
1981-04-21,1.9930
1981-04-22,1.9735
1981-04-23,1.9830
1981-04-24,1.9830
1981-04-27,1.9910
1981-04-28,1.9870
1981-04-29,2.0210
1981-04-30,2.0210
1981-05-01,2.0180
1981-05-04,2.0510
1981-05-05,2.0675
1981-05-06,2.0605
1981-05-07,2.0755
1981-05-08,2.0540
1981-05-11,2.0755
1981-05-12,2.0755
1981-05-13,2.0780
1981-05-14,2.0810
1981-05-15,2.0690
1981-05-18,2.0533
1981-05-19,2.0580
1981-05-20,2.0480
1981-05-21,2.0760
1981-05-22,2.0730
1981-05-25,
1981-05-26,2.0760
1981-05-27,2.0860
1981-05-28,2.0728
1981-05-29,2.0758
1981-06-01,2.0760
1981-06-02,2.1020
1981-06-03,2.0900
1981-06-04,2.1440
1981-06-05,2.1350
1981-06-08,2.1150
1981-06-09,2.1120
1981-06-10,2.0880
1981-06-11,2.1150
1981-06-12,2.0960
1981-06-15,2.0445
1981-06-16,2.0505
1981-06-17,2.0480
1981-06-18,2.0720
1981-06-19,2.0680
1981-06-22,2.0540
1981-06-23,2.0340
1981-06-24,2.0375
1981-06-25,2.0390
1981-06-26,2.0280
1981-06-29,2.0335
1981-06-30,2.0495
1981-07-01,2.0750
1981-07-02,2.0735
1981-07-03,2.0750
1981-07-06,2.0910
1981-07-07,2.0915
1981-07-08,2.1150
1981-07-09,2.1060
1981-07-10,2.0780
1981-07-13,2.0710
1981-07-14,2.0940
1981-07-15,2.0700
1981-07-16,2.0740
1981-07-17,2.0845
1981-07-20,2.0965
1981-07-21,2.1160
1981-07-22,2.1015
1981-07-23,2.1085
1981-07-24,2.1050
1981-07-27,2.1125
1981-07-28,2.1150
1981-07-29,2.1220
1981-07-30,2.1320
1981-07-31,2.1485
1981-08-03,2.1980
1981-08-04,2.2040
1981-08-05,2.1810
1981-08-06,2.1889
1981-08-07,2.1850
1981-08-10,2.2000
1981-08-11,2.1950
1981-08-12,2.1600
1981-08-13,2.1690
1981-08-14,2.1860
1981-08-17,2.1715
1981-08-18,2.1765
1981-08-19,2.1700
1981-08-20,2.1520
1981-08-21,2.1380
1981-08-24,2.1465
1981-08-25,2.1750
1981-08-26,2.1480
1981-08-27,2.1480
1981-08-28,2.1320
1981-08-31,2.1420
1981-09-01,2.1595
1981-09-02,2.1500
1981-09-03,2.1170
1981-09-04,2.0895
1981-09-07,
1981-09-08,2.1180
1981-09-09,2.0985
1981-09-10,2.0630
1981-09-11,2.0520
1981-09-14,2.0330
1981-09-15,1.9980
1981-09-16,1.9800
1981-09-17,1.9615
1981-09-18,1.9480
1981-09-21,1.9070
1981-09-22,1.9600
1981-09-23,1.9640
1981-09-24,1.9750
1981-09-25,1.9770
1981-09-28,1.9790
1981-09-29,1.9630
1981-09-30,1.9750
1981-10-01,1.9690
1981-10-02,1.9350
1981-10-05,1.8870
1981-10-06,1.9050
1981-10-07,1.8780
1981-10-08,1.8660
1981-10-09,1.8400
1981-10-12,
1981-10-13,1.8600
1981-10-14,1.8620
1981-10-15,1.8700
1981-10-16,1.8700
1981-10-19,1.8645
1981-10-20,1.8760
1981-10-21,1.8965
1981-10-22,1.9020
1981-10-23,1.8890
1981-10-26,1.9170
1981-10-27,1.9085
1981-10-28,1.8830
1981-10-29,1.8600
1981-10-30,1.8350
1981-11-02,1.8025
1981-11-03,
1981-11-04,1.7880
1981-11-05,1.7930
1981-11-06,1.7905
1981-11-09,1.7700
1981-11-10,1.7925
1981-11-11,
1981-11-12,1.7590
1981-11-13,1.7570
1981-11-16,1.7660
1981-11-17,1.8015
1981-11-18,1.7890
1981-11-19,1.7970
1981-11-20,1.8180
1981-11-23,1.8060
1981-11-24,1.7855
1981-11-25,1.7800
1981-11-26,
1981-11-27,1.7775
1981-11-30,1.7725
1981-12-01,1.7865
1981-12-02,1.7785
1981-12-03,1.7930
1981-12-04,1.7885
1981-12-07,1.8070
1981-12-08,1.8270
1981-12-09,1.8300
1981-12-10,1.8465
1981-12-11,1.8460
1981-12-14,1.8470
1981-12-15,1.8330
1981-12-16,1.8275
1981-12-17,1.8230
1981-12-18,1.8300
1981-12-21,1.8210
1981-12-22,1.8140
1981-12-23,1.8140
1981-12-24,1.8150
1981-12-25,
1981-12-28,1.8090
1981-12-29,1.8050
1981-12-30,1.8040
1981-12-31,1.7880
1982-01-01,
1982-01-04,1.7915
1982-01-05,1.8110
1982-01-06,1.8105
1982-01-07,1.8285
1982-01-08,1.8270
1982-01-11,1.8550
1982-01-12,1.8580
1982-01-13,1.8600
1982-01-14,1.8545
1982-01-15,1.8560
1982-01-18,1.8490
1982-01-19,1.8470
1982-01-20,1.8605
1982-01-21,1.8435
1982-01-22,1.8530
1982-01-25,1.8695
1982-01-26,1.8510
1982-01-27,1.8555
1982-01-28,1.8575
1982-01-29,1.8460
1982-02-01,1.8750
1982-02-02,1.8830
1982-02-03,1.8970
1982-02-04,1.8770
1982-02-05,1.8850
1982-02-08,1.8950
1982-02-09,1.9115
1982-02-10,1.9040
1982-02-11,1.8973
1982-02-12,
1982-02-15,
1982-02-16,1.9110
1982-02-17,1.9145
1982-02-18,1.8950
1982-02-19,1.8840
1982-02-22,1.8720
1982-02-23,1.8790
1982-02-24,1.8770
1982-02-25,1.8800
1982-02-26,1.8990
1982-03-01,1.8935
1982-03-02,1.8775
1982-03-03,1.8805
1982-03-04,1.8705
1982-03-05,1.8500
1982-03-08,1.8420
1982-03-09,1.8655
1982-03-10,1.8590
1982-03-11,1.8695
1982-03-12,1.8805
1982-03-15,1.8775
1982-03-16,1.8820
1982-03-17,1.8820
1982-03-18,1.8855
1982-03-19,1.8975
1982-03-22,1.9055
1982-03-23,1.8960
1982-03-24,1.8990
1982-03-25,1.9065
1982-03-26,1.9130
1982-03-29,1.9385
1982-03-30,1.9285
1982-03-31,1.9385
1982-04-01,1.9410
1982-04-02,1.9395
1982-04-05,1.9540
1982-04-06,1.9670
1982-04-07,1.9630
1982-04-08,1.9860
1982-04-09,1.9830
1982-04-12,1.9785
1982-04-13,1.9560
1982-04-14,1.9695
1982-04-15,1.9795
1982-04-16,1.9780
1982-04-19,1.9575
1982-04-20,1.9490
1982-04-21,1.9535
1982-04-22,1.9660
1982-04-23,1.9710
1982-04-26,1.9565
1982-04-27,1.9560
1982-04-28,1.9510
1982-04-29,1.9600
1982-04-30,1.9570
1982-05-03,1.9440
1982-05-04,1.9575
1982-05-05,1.9385
1982-05-06,1.9185
1982-05-07,1.8880
1982-05-10,1.8985
1982-05-11,1.9110
1982-05-12,1.9280
1982-05-13,1.9380
1982-05-14,1.9460
1982-05-17,1.9575
1982-05-18,1.9745
1982-05-19,1.9750
1982-05-20,1.9730
1982-05-21,1.9640
1982-05-24,1.9570
1982-05-25,1.9620
1982-05-26,1.9730
1982-05-27,1.9990
1982-05-28,1.9975
1982-05-31,
1982-06-01,2.0250
1982-06-02,2.0200
1982-06-03,2.0240
1982-06-04,2.0290
1982-06-07,2.0320
1982-06-08,2.0450
1982-06-09,2.0570
1982-06-10,2.0630
1982-06-11,2.0490
1982-06-14,2.0715
1982-06-15,2.0770
1982-06-16,2.0955
1982-06-17,2.1155
1982-06-18,2.1260
1982-06-21,2.1290
1982-06-22,2.0890
1982-06-23,2.1155
1982-06-24,2.1030
1982-06-25,2.1260
1982-06-28,2.1365
1982-06-29,2.1070
1982-06-30,2.0995
1982-07-01,2.1025
1982-07-02,2.1040
1982-07-05,
1982-07-06,2.1195
1982-07-07,2.1440
1982-07-08,2.1470
1982-07-09,2.1230
1982-07-12,2.1080
1982-07-13,2.1300
1982-07-14,2.1310
1982-07-15,2.1230
1982-07-16,2.1040
1982-07-19,2.1050
1982-07-20,2.0850
1982-07-21,2.0600
1982-07-22,2.0625
1982-07-23,2.0210
1982-07-26,2.0285
1982-07-27,2.0485
1982-07-28,2.0740
1982-07-29,2.0955
1982-07-30,2.1000
1982-08-02,2.0660
1982-08-03,2.0720
1982-08-04,2.1170
1982-08-05,2.1195
1982-08-06,2.1310
1982-08-09,2.1495
1982-08-10,2.1465
1982-08-11,2.1545
1982-08-12,2.1590
1982-08-13,2.1450
1982-08-16,2.1600
1982-08-17,2.1475
1982-08-18,2.1100
1982-08-19,2.1150
1982-08-20,2.0760
1982-08-23,2.0760
1982-08-24,2.0400
1982-08-25,2.0430
1982-08-26,2.0700
1982-08-27,2.0980
1982-08-30,2.1400
1982-08-31,2.1270
1982-09-01,2.1250
1982-09-02,2.1085
1982-09-03,2.1030
1982-09-06,
1982-09-07,2.1060
1982-09-08,2.1250
1982-09-09,2.1140
1982-09-10,2.1440
1982-09-13,2.1480
1982-09-14,2.1450
1982-09-15,2.1450
1982-09-16,2.1390
1982-09-17,2.1320
1982-09-20,2.1400
1982-09-21,2.1450
1982-09-22,2.1380
1982-09-23,2.1515
1982-09-24,2.1660
1982-09-27,2.1805
1982-09-28,2.1815
1982-09-29,2.1695
1982-09-30,2.1710
1982-10-01,2.1740
1982-10-04,2.2025
1982-10-05,2.1985
1982-10-06,2.1880
1982-10-07,2.1560
1982-10-08,2.1540
1982-10-11,
1982-10-12,2.1175
1982-10-13,2.1415
1982-10-14,2.1550
1982-10-15,2.1515
1982-10-18,2.1495
1982-10-19,2.1580
1982-10-20,2.1705
1982-10-21,2.1750
1982-10-22,2.1770
1982-10-25,2.1980
1982-10-26,2.1950
1982-10-27,2.1920
1982-10-28,2.2120
1982-10-29,2.2075
1982-11-01,2.1910
1982-11-02,
1982-11-03,2.2000
1982-11-04,2.2220
1982-11-05,2.2180
1982-11-08,2.2405
1982-11-09,2.2105
1982-11-10,2.2170
1982-11-11,
1982-11-12,2.2240
1982-11-15,2.2200
1982-11-16,2.1925
1982-11-17,2.2035
1982-11-18,2.1985
1982-11-19,2.1815
1982-11-22,2.1920
1982-11-23,2.1910
1982-11-24,2.1655
1982-11-25,
1982-11-26,2.1510
1982-11-29,2.1330
1982-11-30,2.1175
1982-12-01,2.1110
1982-12-02,2.0975
1982-12-03,2.0760
1982-12-06,2.0695
1982-12-07,2.0590
1982-12-08,2.0660
1982-12-09,2.0935
1982-12-10,2.0830
1982-12-13,2.1190
1982-12-14,2.0800
1982-12-15,2.0920
1982-12-16,2.0550
1982-12-17,2.0490
1982-12-20,2.0360
1982-12-21,2.0210
1982-12-22,2.0190
1982-12-23,2.0100
1982-12-24,2.0010
1982-12-27,2.0010
1982-12-28,1.9990
1982-12-29,1.9950
1982-12-30,2.0125
1982-12-31,2.0075
1983-01-03,1.9940
1983-01-04,1.9890
1983-01-05,1.9575
1983-01-06,1.9600
1983-01-07,1.9360
1983-01-10,1.9175
1983-01-11,1.9360
1983-01-12,1.9460
1983-01-13,1.9160
1983-01-14,1.9340
1983-01-17,1.9335
1983-01-18,1.9640
1983-01-19,1.9760
1983-01-20,1.9780
1983-01-21,1.9910
1983-01-24,2.0250
1983-01-25,1.9905
1983-01-26,1.9875
1983-01-27,1.9880
1983-01-28,1.9910
1983-01-31,2.0150
1983-02-01,2.0155
1983-02-02,2.0485
1983-02-03,2.0185
1983-02-04,2.0360
1983-02-07,2.0190
1983-02-08,2.0185
1983-02-09,2.0210
1983-02-10,2.0120
1983-02-11,2.0060
1983-02-14,2.0065
1983-02-15,1.9995
1983-02-16,1.9785
1983-02-17,1.9915
1983-02-18,1.9970
1983-02-21,
1983-02-22,2.0190
1983-02-23,2.0360
1983-02-24,2.0245
1983-02-25,2.0320
1983-02-28,2.0625
1983-03-01,2.0675
1983-03-02,2.0545
1983-03-03,2.0545
1983-03-04,2.0430
1983-03-07,2.0450
1983-03-08,2.0625
1983-03-09,2.0620
1983-03-10,2.0520
1983-03-11,2.0720
1983-03-14,2.0635
1983-03-15,2.0520
1983-03-16,2.0500
1983-03-17,2.0610
1983-03-18,2.0670
1983-03-21,2.0800
1983-03-22,2.0780
1983-03-23,2.0870
1983-03-24,2.0710
1983-03-25,2.0650
1983-03-28,2.0855
1983-03-29,2.0815
1983-03-30,2.0840
1983-03-31,2.0855
1983-04-01,2.0875
1983-04-04,2.0720
1983-04-05,2.0515
1983-04-06,2.0450
1983-04-07,2.0500
1983-04-08,2.0580
1983-04-11,2.0510
1983-04-12,2.0445
1983-04-13,2.0560
1983-04-14,2.0490
1983-04-15,2.0400
1983-04-18,2.0605
1983-04-19,2.0640
1983-04-20,2.0730
1983-04-21,2.0635
1983-04-22,2.0610
1983-04-25,2.0555
1983-04-26,2.0570
1983-04-27,2.0525
1983-04-28,2.0680
1983-04-29,2.0730
1983-05-02,2.0685
1983-05-03,2.0678
1983-05-04,2.0570
1983-05-05,2.0535
1983-05-06,2.0530
1983-05-09,2.0390
1983-05-10,2.0420
1983-05-11,2.0240
1983-05-12,2.0225
1983-05-13,2.0230
1983-05-16,2.0430
1983-05-17,2.0480
1983-05-18,2.0230
1983-05-19,2.0695
1983-05-20,2.0785
1983-05-23,2.0785
1983-05-24,2.0825
1983-05-25,2.0730
1983-05-26,2.0745
1983-05-27,2.0850
1983-05-30,
1983-05-31,2.0960
1983-06-01,2.1090
1983-06-02,2.1040
1983-06-03,2.1085
1983-06-06,2.1205
1983-06-07,2.1300
1983-06-08,2.1315
1983-06-09,2.1290
1983-06-10,2.1270
1983-06-13,2.1270
1983-06-14,2.1350
1983-06-15,2.1375
1983-06-16,2.1245
1983-06-17,2.1185
1983-06-20,2.1050
1983-06-21,2.1105
1983-06-22,2.0815
1983-06-23,2.0845
1983-06-24,2.0865
1983-06-27,2.0960
1983-06-28,2.0965
1983-06-29,2.1060
1983-06-30,2.1025
1983-07-01,2.1060
1983-07-04,
1983-07-05,2.1290
1983-07-06,2.1250
1983-07-07,2.1315
1983-07-08,2.1290
1983-07-11,2.1300
1983-07-12,2.1170
1983-07-13,2.1125
1983-07-14,2.1150
1983-07-15,2.1285
1983-07-18,2.1220
1983-07-19,2.1185
1983-07-20,2.0995
1983-07-21,2.0975
1983-07-22,2.1070
1983-07-25,2.1150
1983-07-26,2.1120
1983-07-27,2.1150
1983-07-28,2.1230
1983-07-29,2.1345
1983-08-01,2.1550
1983-08-02,2.1410
1983-08-03,2.1540
1983-08-04,2.1605
1983-08-05,2.1705
1983-08-08,2.1785
1983-08-09,2.1775
1983-08-10,2.1955
1983-08-11,2.1920
1983-08-12,2.1845
1983-08-15,2.1685
1983-08-16,2.1415
1983-08-17,2.1410
1983-08-18,2.1450
1983-08-19,2.1550
1983-08-22,2.1415
1983-08-23,2.1380
1983-08-24,2.1465
1983-08-25,2.1460
1983-08-26,2.1710
1983-08-29,2.1792
1983-08-30,2.1845
1983-08-31,2.1870
1983-09-01,2.1885
1983-09-02,2.1900
1983-09-05,
1983-09-06,2.1775
1983-09-07,2.1810
1983-09-08,2.1740
1983-09-09,2.1695
1983-09-12,2.1640
1983-09-13,2.1795
1983-09-14,2.1850
1983-09-15,2.1780
1983-09-16,2.1650
1983-09-19,2.1530
1983-09-20,2.1590
1983-09-21,2.1610
1983-09-22,2.1715
1983-09-23,2.1450
1983-09-26,2.1450
1983-09-27,2.1385
1983-09-28,2.1330
1983-09-29,2.1306
1983-09-30,2.1200
1983-10-03,2.1130
1983-10-04,2.1175
1983-10-05,2.1015
1983-10-06,2.0945
1983-10-07,2.0870
1983-10-10,
1983-10-11,2.1035
1983-10-12,2.1230
1983-10-13,2.1155
1983-10-14,2.1210
1983-10-17,2.1103
1983-10-18,2.0980
1983-10-19,2.0995
1983-10-20,2.1040
1983-10-21,2.1010
1983-10-24,2.1208
1983-10-25,2.1145
1983-10-26,2.1230
1983-10-27,2.1245
1983-10-28,2.1295
1983-10-31,2.1430
1983-11-01,2.1615
1983-11-02,2.1505
1983-11-03,2.1580
1983-11-04,2.1700
1983-11-07,2.1770
1983-11-08,
1983-11-09,2.1675
1983-11-10,2.1520
1983-11-11,
1983-11-14,2.1630
1983-11-15,2.1634
1983-11-16,2.1665
1983-11-17,2.1830
1983-11-18,2.1865
1983-11-21,2.1830
1983-11-22,2.1695
1983-11-23,2.1790
1983-11-24,
1983-11-25,2.1815
1983-11-28,2.1770
1983-11-29,2.1815
1983-11-30,2.1615
1983-12-01,2.1630
1983-12-02,2.1740
1983-12-05,2.1900
1983-12-06,2.1865
1983-12-07,2.1905
1983-12-08,2.1940
1983-12-09,2.2115
1983-12-12,2.2120
1983-12-13,2.2200
1983-12-14,2.2125
1983-12-15,2.2135
1983-12-16,2.2160
1983-12-19,2.2115
1983-12-20,2.2080
1983-12-21,2.2105
1983-12-22,2.2115
1983-12-23,2.1980
1983-12-26,
1983-12-27,2.1900
1983-12-28,2.1890
1983-12-29,2.1840
1983-12-30,2.1790
1984-01-02,
1984-01-03,2.2165
1984-01-04,2.2330
1984-01-05,2.2315
1984-01-06,2.2383
1984-01-09,2.2520
1984-01-10,2.2355
1984-01-11,2.2530
1984-01-12,2.2500
1984-01-13,2.2275
1984-01-16,2.2220
1984-01-17,2.2365
1984-01-18,2.2325
1984-01-19,2.2230
1984-01-20,2.2405
1984-01-23,2.2370
1984-01-24,2.2470
1984-01-25,2.2440
1984-01-26,2.2383
1984-01-27,2.2460
1984-01-30,2.2415
1984-01-31,2.2530
1984-02-01,2.2350
1984-02-02,2.2175
1984-02-03,2.1970
1984-02-06,2.2130
1984-02-07,2.2350
1984-02-08,2.2295
1984-02-09,2.2275
1984-02-10,2.2400
1984-02-13,
1984-02-14,2.2230
1984-02-15,2.1970
1984-02-16,2.1925
1984-02-17,2.1945
1984-02-20,
1984-02-21,2.2205
1984-02-22,2.1940
1984-02-23,2.1930
1984-02-24,2.1740
1984-02-27,2.1780
1984-02-28,2.1665
1984-02-29,2.1680
1984-03-01,2.1760
1984-03-02,2.1545
1984-03-05,2.1280
1984-03-06,2.1095
1984-03-07,2.1160
1984-03-08,2.1360
1984-03-09,2.1340
1984-03-12,2.1530
1984-03-13,2.1260
1984-03-14,2.1280
1984-03-15,2.1430
1984-03-16,2.1560
1984-03-19,2.1630
1984-03-20,2.1670
1984-03-21,2.1767
1984-03-22,2.1750
1984-03-23,2.1720
1984-03-26,2.1570
1984-03-27,2.1522
1984-03-28,2.1580
1984-03-29,2.1440
1984-03-30,2.1525
1984-04-02,2.1535
1984-04-03,2.1675
1984-04-04,2.1715
1984-04-05,2.1810
1984-04-06,2.1750
1984-04-09,2.1760
1984-04-10,2.1695
1984-04-11,2.1655
1984-04-12,2.1715
1984-04-13,2.1765
1984-04-16,2.1868
1984-04-17,2.1930
1984-04-18,2.1903
1984-04-19,2.2020
1984-04-20,2.2020
1984-04-23,2.1960
1984-04-24,2.2175
1984-04-25,2.2160
1984-04-26,2.2262
1984-04-27,2.2345
1984-04-30,2.2465
1984-05-01,2.2448
1984-05-02,2.2477
1984-05-03,2.2420
1984-05-04,2.2505
1984-05-07,2.2820
1984-05-08,2.2820
1984-05-09,2.2800
1984-05-10,2.2880
1984-05-11,2.2902
1984-05-14,2.2800
1984-05-15,2.2715
1984-05-16,2.2680
1984-05-17,2.2735
1984-05-18,2.2810
1984-05-21,2.2695
1984-05-22,2.2670
1984-05-23,2.2775
1984-05-24,2.2680
1984-05-25,2.2490
1984-05-28,
1984-05-29,2.2590
1984-05-30,2.2650
1984-05-31,2.2600
1984-06-01,2.2295
1984-06-04,2.2260
1984-06-05,2.2345
1984-06-06,2.2335
1984-06-07,2.2450
1984-06-08,2.2490
1984-06-11,2.2670
1984-06-12,2.2787
1984-06-13,2.2710
1984-06-14,2.2720
1984-06-15,2.2805
1984-06-18,2.2930
1984-06-19,2.2880
1984-06-20,2.3060
1984-06-21,2.3130
1984-06-22,2.3135
1984-06-25,2.3360
1984-06-26,2.3220
1984-06-27,2.3320
1984-06-28,2.3270
1984-06-29,2.3310
1984-07-02,2.3425
1984-07-03,2.3645
1984-07-04,
1984-07-05,2.3740
1984-07-06,2.3870
1984-07-09,2.3920
1984-07-10,2.3835
1984-07-11,2.4030
1984-07-12,2.4085
1984-07-13,2.4000
1984-07-16,2.3870
1984-07-17,2.4075
1984-07-18,2.4215
1984-07-19,2.4075
1984-07-20,2.4230
1984-07-23,2.4400
1984-07-24,2.4402
1984-07-25,2.4340
1984-07-26,2.4275
1984-07-27,2.4620
1984-07-30,2.4635
1984-07-31,2.4725
1984-08-01,2.4650
1984-08-02,2.4510
1984-08-03,2.4040
1984-08-06,2.4205
1984-08-07,2.4550
1984-08-08,2.4450
1984-08-09,2.4415
1984-08-10,2.4425
1984-08-13,2.4505
1984-08-14,2.4215
1984-08-15,2.4115
1984-08-16,2.3755
1984-08-17,2.3835
1984-08-20,2.3960
1984-08-21,2.4090
1984-08-22,2.4005
1984-08-23,2.3840
1984-08-24,2.3930
1984-08-27,2.4005
1984-08-28,2.3925
1984-08-29,2.3910
1984-08-30,2.4015
1984-08-31,2.4095
1984-09-03,
1984-09-04,2.4475
1984-09-05,2.4640
1984-09-06,2.4615
1984-09-07,2.4870
1984-09-10,2.4920
1984-09-11,2.4990
1984-09-12,2.4900
1984-09-13,2.5130
1984-09-14,2.5050
1984-09-17,2.5275
1984-09-18,2.5430
1984-09-19,2.5345
1984-09-20,2.5570
1984-09-21,2.5125
1984-09-24,2.4920
1984-09-25,2.5225
1984-09-26,2.5080
1984-09-27,2.5050
1984-09-28,2.5330
1984-10-01,2.5230
1984-10-02,2.5095
1984-10-03,2.4950
1984-10-04,2.5080
1984-10-05,2.5210
1984-10-08,
1984-10-09,2.5430
1984-10-10,2.5375
1984-10-11,2.5470
1984-10-12,2.5620
1984-10-15,2.5720
1984-10-16,2.5690
1984-10-17,2.5580
1984-10-18,2.5540
1984-10-19,2.5335
1984-10-22,2.5290
1984-10-23,2.5045
1984-10-24,2.4850
1984-10-25,2.4750
1984-10-26,2.4920
1984-10-29,2.5210
1984-10-30,2.5065
1984-10-31,2.4940
1984-11-01,2.4580
1984-11-02,2.4260
1984-11-05,2.4100
1984-11-06,
1984-11-07,2.4170
1984-11-08,2.4150
1984-11-09,2.4260
1984-11-12,
1984-11-13,2.4140
1984-11-14,2.4500
1984-11-15,2.4415
1984-11-16,2.4530
1984-11-19,2.4740
1984-11-20,2.4900
1984-11-21,2.5020
1984-11-22,
1984-11-23,2.5015
1984-11-26,2.5250
1984-11-27,2.5230
1984-11-28,2.5210
1984-11-29,2.5285
1984-11-30,2.5550
1984-12-03,2.5655
1984-12-04,2.5300
1984-12-05,2.5450
1984-12-06,2.5260
1984-12-07,2.5440
1984-12-10,2.5535
1984-12-11,2.5510
1984-12-12,2.5550
1984-12-13,2.5620
1984-12-14,2.5450
1984-12-17,2.5500
1984-12-18,2.5435
1984-12-19,2.5580
1984-12-20,2.5715
1984-12-21,2.5670
1984-12-24,2.5700
1984-12-25,
1984-12-26,2.5760
1984-12-27,2.5990
1984-12-28,2.5910
1984-12-31,2.6010
1985-01-01,
1985-01-02,2.6170
1985-01-03,2.6215
1985-01-04,2.6340
1985-01-07,2.6475
1985-01-08,2.6365
1985-01-09,2.6520
1985-01-10,2.6360
1985-01-11,2.6450
1985-01-14,2.6770
1985-01-15,2.6805
1985-01-16,2.6765
1985-01-17,2.6790
1985-01-18,2.6815
1985-01-21,
1985-01-22,2.6720
1985-01-23,2.6835
1985-01-24,2.6565
1985-01-25,2.6635
1985-01-28,2.6625
1985-01-29,2.6670
1985-01-30,2.6760
1985-01-31,2.6750
1985-02-01,2.7045
1985-02-04,2.7395
1985-02-05,2.7415
1985-02-06,2.7375
1985-02-07,2.7600
1985-02-08,2.7750
1985-02-11,2.7950
1985-02-12,
1985-02-13,2.8120
1985-02-14,2.7985
1985-02-15,2.7770
1985-02-18,
1985-02-19,2.8110
1985-02-20,2.8230
1985-02-21,2.8280
1985-02-22,2.8580
1985-02-25,2.9170
1985-02-26,2.9060
1985-02-27,2.8400
1985-02-28,2.8570
1985-03-01,2.8610
1985-03-04,2.8930
1985-03-05,2.9245
1985-03-06,2.8980
1985-03-07,2.9010
1985-03-08,2.9030
1985-03-11,2.8490
1985-03-12,2.8400
1985-03-13,2.8500
1985-03-14,2.8800
1985-03-15,2.8760
1985-03-18,2.8430
1985-03-19,2.7825
1985-03-20,2.7550
1985-03-21,2.7200
1985-03-22,2.7310
1985-03-25,2.7420
1985-03-26,2.7200
1985-03-27,2.6500
1985-03-28,2.6500
1985-03-29,2.6000
1985-04-01,2.6390
1985-04-02,2.6600
1985-04-03,2.6420
1985-04-04,2.6890
1985-04-05,2.6750
1985-04-08,2.6660
1985-04-09,2.6530
1985-04-10,2.6530
1985-04-11,2.5930
1985-04-12,2.5690
1985-04-15,2.5290
1985-04-16,2.5290
1985-04-17,2.5310
1985-04-18,2.4800
1985-04-19,2.4765
1985-04-22,2.5030
1985-04-23,2.5570
1985-04-24,2.5950
1985-04-25,2.6215
1985-04-26,2.6120
1985-04-29,2.6130
1985-04-30,2.6000
1985-05-01,2.6400
1985-05-02,2.6600
1985-05-03,2.7110
1985-05-06,2.7060
1985-05-07,2.6630
1985-05-08,2.6860
1985-05-09,2.6160
1985-05-10,2.6300
1985-05-13,2.5840
1985-05-14,2.5670
1985-05-15,2.5810
1985-05-16,2.5910
1985-05-17,2.5820
1985-05-20,2.5670
1985-05-21,2.5820
1985-05-22,2.5880
1985-05-23,2.5860
1985-05-24,2.6080
1985-05-27,
1985-05-28,2.6175
1985-05-29,2.5900
1985-05-30,2.5990
1985-05-31,2.5750
1985-06-03,2.5610
1985-06-04,2.5710
1985-06-05,2.5840
1985-06-06,2.5720
1985-06-07,2.5980
1985-06-10,2.6130
1985-06-11,2.5990
1985-06-12,2.6010
1985-06-13,2.6100
1985-06-14,2.5730
1985-06-17,2.5745
1985-06-18,2.5390
1985-06-19,2.5300
1985-06-20,2.5750
1985-06-21,2.5650
1985-06-24,2.5660
1985-06-25,2.5710
1985-06-26,2.5350
1985-06-27,2.5640
1985-06-28,2.5410
1985-07-01,2.5490
1985-07-02,2.5480
1985-07-03,2.5420
1985-07-04,
1985-07-05,2.5200
1985-07-08,2.5005
1985-07-09,2.4740
1985-07-10,2.4510
1985-07-11,2.4360
1985-07-12,2.3990
1985-07-15,2.3935
1985-07-16,2.3935
1985-07-17,2.3350
1985-07-18,2.3690
1985-07-19,2.3780
1985-07-22,2.3790
1985-07-23,2.3400
1985-07-24,2.3690
1985-07-25,2.3400
1985-07-26,2.3350
1985-07-29,2.2900
1985-07-30,2.2970
1985-07-31,2.2940
1985-08-01,2.3200
1985-08-02,2.3140
1985-08-05,2.3245
1985-08-06,2.3625
1985-08-07,2.3620
1985-08-08,2.3405
1985-08-09,2.3410
1985-08-12,2.3035
1985-08-13,2.2990
1985-08-14,2.3020
1985-08-15,2.2670
1985-08-16,2.2590
1985-08-19,2.2615
1985-08-20,2.2790
1985-08-21,2.2680
1985-08-22,2.2440
1985-08-23,2.2530
1985-08-26,2.2700
1985-08-27,2.2880
1985-08-28,2.2665
1985-08-29,2.2805
1985-08-30,2.3100
1985-09-02,
1985-09-03,2.3520
1985-09-04,2.3460
1985-09-05,2.3565
1985-09-06,2.4180
1985-09-09,2.4230
1985-09-10,2.4260
1985-09-11,2.4400
1985-09-12,2.4250
1985-09-13,2.3930
1985-09-16,2.3830
1985-09-17,2.3790
1985-09-18,2.3890
1985-09-19,2.3830
1985-09-20,2.3420
1985-09-23,2.2410
1985-09-24,2.2320
1985-09-25,2.2060
1985-09-26,2.1920
1985-09-27,2.1970
1985-09-30,2.1950
1985-10-01,2.1680
1985-10-02,2.1650
1985-10-03,2.1470
1985-10-04,2.1620
1985-10-07,2.1710
1985-10-08,2.1710
1985-10-09,2.1760
1985-10-10,2.1860
1985-10-11,2.1780
1985-10-14,
1985-10-15,2.1830
1985-10-16,2.2050
1985-10-17,2.1750
1985-10-18,2.1690
1985-10-21,2.1640
1985-10-22,2.1730
1985-10-23,2.1650
1985-10-24,2.1720
1985-10-25,2.1750
1985-10-28,2.1670
1985-10-29,2.1500
1985-10-30,2.1500
1985-10-31,2.1510
1985-11-01,2.1360
1985-11-04,2.1390
1985-11-05,2.1520
1985-11-06,2.1415
1985-11-07,2.1600
1985-11-08,2.1575
1985-11-11,
1985-11-12,2.1530
1985-11-13,2.1435
1985-11-14,2.1440
1985-11-15,2.1500
1985-11-18,2.1420
1985-11-19,2.1280
1985-11-20,2.1420
1985-11-21,2.1215
1985-11-22,2.1075
1985-11-25,2.1015
1985-11-26,2.0910
1985-11-27,2.0900
1985-11-28,
1985-11-29,2.0810
1985-12-02,2.1050
1985-12-03,2.1135
1985-12-04,2.0955
1985-12-05,2.0960
1985-12-06,2.1050
1985-12-09,2.1165
1985-12-10,2.1205
1985-12-11,2.1290
1985-12-12,2.1035
1985-12-13,2.1065
1985-12-16,2.1130
1985-12-17,2.1060
1985-12-18,2.1140
1985-12-19,2.1150
1985-12-20,2.1110
1985-12-23,2.1050
1985-12-24,2.1040
1985-12-25,
1985-12-26,2.1030
1985-12-27,2.0850
1985-12-30,2.0810
1985-12-31,2.0600
1986-01-01,
1986-01-02,2.0500
1986-01-03,2.0695
1986-01-06,2.0690
1986-01-07,2.0735
1986-01-08,2.0860
1986-01-09,2.0780
1986-01-10,2.0840
1986-01-13,2.0940
1986-01-14,2.0900
1986-01-15,2.0810
1986-01-16,2.0850
1986-01-17,2.0930
1986-01-20,
1986-01-21,2.0865
1986-01-22,2.0800
1986-01-23,2.0765
1986-01-24,2.0450
1986-01-27,2.0345
1986-01-28,2.0315
1986-01-29,2.0230
1986-01-30,2.0200
1986-01-31,2.0360
1986-02-03,2.0355
1986-02-04,2.0435
1986-02-05,2.0195
1986-02-06,2.0220
1986-02-07,2.0385
1986-02-10,2.0065
1986-02-11,1.9820
1986-02-12,1.9690
1986-02-13,1.9455
1986-02-14,1.9450
1986-02-17,
1986-02-18,1.9390
1986-02-19,1.9080
1986-02-20,1.9200
1986-02-21,1.9330
1986-02-24,1.9020
1986-02-25,1.8855
1986-02-26,1.8805
1986-02-27,1.8760
1986-02-28,1.8880
1986-03-03,1.8800
1986-03-04,1.8720
1986-03-05,1.9160
1986-03-06,1.8990
1986-03-07,1.8965
1986-03-10,1.9370
1986-03-11,1.9220
1986-03-12,1.9330
1986-03-13,1.9330
1986-03-14,1.9050
1986-03-17,1.8850
1986-03-18,1.8835
1986-03-19,1.8950
1986-03-20,1.8935
1986-03-21,1.8725
1986-03-24,1.9185
1986-03-25,1.9610
1986-03-26,1.9560
1986-03-27,1.9470
1986-03-28,1.9530
1986-03-31,1.9560
1986-04-01,1.9520
1986-04-02,1.9810
1986-04-03,2.0010
1986-04-04,1.9920
1986-04-07,2.0130
1986-04-08,1.9765
1986-04-09,1.9565
1986-04-10,1.9450
1986-04-11,1.9240
1986-04-14,1.9350
1986-04-15,1.9340
1986-04-16,1.8885
1986-04-17,1.8470
1986-04-18,1.8570
1986-04-21,1.8500
1986-04-22,1.8450
1986-04-23,1.8370
1986-04-24,1.8410
1986-04-25,1.8180
1986-04-28,1.8085
1986-04-29,1.8205
1986-04-30,1.8130
1986-05-01,1.8460
1986-05-02,1.8550
1986-05-05,1.8320
1986-05-06,1.8460
1986-05-07,1.8325
1986-05-08,1.8150
1986-05-09,1.8100
1986-05-12,1.8045
1986-05-13,1.8260
1986-05-14,1.8175
1986-05-15,1.8290
1986-05-16,1.8415
1986-05-19,1.8605
1986-05-20,1.8680
1986-05-21,1.8635
1986-05-22,1.8910
1986-05-23,1.8850
1986-05-26,
1986-05-27,1.8810
1986-05-28,1.8835
1986-05-29,1.9088
1986-05-30,1.9335
1986-06-02,1.9295
1986-06-03,1.8810
1986-06-04,1.8860
1986-06-05,1.8435
1986-06-06,1.8410
1986-06-09,1.8440
1986-06-10,1.8290
1986-06-11,1.8275
1986-06-12,1.8280
1986-06-13,1.8220
1986-06-16,1.8160
1986-06-17,1.8530
1986-06-18,1.8500
1986-06-19,1.8400
1986-06-20,1.8475
1986-06-23,1.8490
1986-06-24,1.8240
1986-06-25,1.8180
1986-06-26,1.8195
1986-06-27,1.8080
1986-06-30,1.7965
1986-07-01,1.7730
1986-07-02,1.7840
1986-07-03,1.7672
1986-07-04,
1986-07-07,1.7810
1986-07-08,1.7750
1986-07-09,1.7850
1986-07-10,1.7778
1986-07-11,1.7900
1986-07-14,1.7810
1986-07-15,1.7595
1986-07-16,1.7425
1986-07-17,1.7447
1986-07-18,1.7240
1986-07-21,1.7130
1986-07-22,1.7285
1986-07-23,1.7270
1986-07-24,1.7250
1986-07-25,1.7315
1986-07-28,1.7025
1986-07-29,1.6915
1986-07-30,1.6970
1986-07-31,1.6780
1986-08-01,1.6705
1986-08-04,1.6780
1986-08-05,1.6875
1986-08-06,1.6780
1986-08-07,1.6665
1986-08-08,1.6690
1986-08-11,1.6555
1986-08-12,1.6785
1986-08-13,1.6708
1986-08-14,1.6615
1986-08-15,1.6635
1986-08-18,1.6760
1986-08-19,1.6600
1986-08-20,1.6475
1986-08-21,1.6455
1986-08-22,1.6505
1986-08-25,1.6455
1986-08-26,1.6520
1986-08-27,1.6455
1986-08-28,1.6515
1986-08-29,1.6410
1986-09-01,
1986-09-02,1.6390
1986-09-03,1.6360
1986-09-04,1.6430
1986-09-05,1.6645
1986-09-08,1.6898
1986-09-09,1.6750
1986-09-10,1.6745
1986-09-11,1.6995
1986-09-12,1.6710
1986-09-15,1.6580
1986-09-16,1.6575
1986-09-17,1.6400
1986-09-18,1.6105
1986-09-19,1.6040
1986-09-22,1.6390
1986-09-23,1.6610
1986-09-24,1.6580
1986-09-25,1.6590
1986-09-26,1.6610
1986-09-29,1.6410
1986-09-30,1.6470
1986-10-01,1.6405
1986-10-02,1.6265
1986-10-03,1.6205
1986-10-06,1.6195
1986-10-07,1.6295
1986-10-08,1.6280
1986-10-09,1.6310
1986-10-10,1.6185
1986-10-13,
1986-10-14,1.6155
1986-10-15,1.6150
1986-10-16,1.6190
1986-10-17,1.6210
1986-10-20,1.6313
1986-10-21,1.6298
1986-10-22,1.6310
1986-10-23,1.6432
1986-10-24,1.6735
1986-10-27,1.6930
1986-10-28,1.6765
1986-10-29,1.6760
1986-10-30,1.7035
1986-10-31,1.7110
1986-11-03,1.7182
1986-11-04,1.7160
1986-11-05,1.7260
1986-11-06,1.7195
1986-11-07,1.7200
1986-11-10,1.6990
1986-11-11,
1986-11-12,1.6795
1986-11-13,1.6690
1986-11-14,1.6615
1986-11-17,1.6750
1986-11-18,1.6750
1986-11-19,1.6710
1986-11-20,1.6700
1986-11-21,1.6925
1986-11-24,1.6900
1986-11-25,1.6595
1986-11-26,1.6600
1986-11-27,
1986-11-28,1.6430
1986-12-01,1.6380
1986-12-02,1.6445
1986-12-03,1.6415
1986-12-04,1.6630
1986-12-05,1.6725
1986-12-08,1.6795
1986-12-09,1.6910
1986-12-10,1.6825
1986-12-11,1.6880
1986-12-12,1.6950
1986-12-15,1.7005
1986-12-16,1.7050
1986-12-17,1.7010
1986-12-18,1.6883
1986-12-19,1.6850
1986-12-22,1.6600
1986-12-23,1.6415
1986-12-24,1.6440
1986-12-25,
1986-12-26,1.6390
1986-12-29,1.6235
1986-12-30,1.6255
1986-12-31,1.6140
1987-01-01,
1987-01-02,1.6100
1987-01-05,1.6290
1987-01-06,1.6132
1987-01-07,1.6205
1987-01-08,1.6110
1987-01-09,1.6057
1987-01-12,1.5817
1987-01-13,1.5760
1987-01-14,1.5400
1987-01-15,1.5470
1987-01-16,1.5450
1987-01-19,
1987-01-20,1.5415
1987-01-21,1.5510
1987-01-22,1.5225
1987-01-23,1.5370
1987-01-26,1.5325
1987-01-27,1.5155
1987-01-28,1.5030
1987-01-29,1.5030
1987-01-30,1.5460
1987-02-02,1.5255
1987-02-03,1.5180
1987-02-04,1.5325
1987-02-05,1.5495
1987-02-06,1.5660
1987-02-09,1.5325
1987-02-10,1.5180
1987-02-11,1.5380
1987-02-12,1.5460
1987-02-13,1.5490
1987-02-16,
1987-02-17,1.5335
1987-02-18,1.5480
1987-02-19,1.5530
1987-02-20,1.5452
1987-02-23,1.5475
1987-02-24,1.5500
1987-02-25,1.5395
1987-02-26,1.5360
1987-02-27,1.5385
1987-03-02,1.5417
1987-03-03,1.5450
1987-03-04,1.5485
1987-03-05,1.5440
1987-03-06,1.5510
1987-03-09,1.5647
1987-03-10,1.5635
1987-03-11,1.5698
1987-03-12,1.5600
1987-03-13,1.5540
1987-03-16,1.5375
1987-03-17,1.5395
1987-03-18,1.5380
1987-03-19,1.5345
1987-03-20,1.5370
1987-03-23,1.5235
1987-03-24,1.5235
1987-03-25,1.5248
1987-03-26,1.5270
1987-03-27,1.5200
1987-03-30,1.5070
1987-03-31,1.5055
1987-04-01,1.5215
1987-04-02,1.5160
1987-04-03,1.5210
1987-04-06,1.5195
1987-04-07,1.5150
1987-04-08,1.5300
1987-04-09,1.5145
1987-04-10,1.4960
1987-04-13,1.4995
1987-04-14,1.4860
1987-04-15,1.4890
1987-04-16,1.4930
1987-04-17,1.4965
1987-04-20,1.4935
1987-04-21,1.4945
1987-04-22,1.4975
1987-04-23,1.4825
1987-04-24,1.4635
1987-04-27,1.4605
1987-04-28,1.4680
1987-04-29,1.4745
1987-04-30,1.4770
1987-05-01,1.4610
1987-05-04,1.4525
1987-05-05,1.4540
1987-05-06,1.4555
1987-05-07,1.4605
1987-05-08,1.4710
1987-05-11,1.4785
1987-05-12,1.4690
1987-05-13,1.4705
1987-05-14,1.4695
1987-05-15,1.4616
1987-05-18,1.4595
1987-05-19,1.4590
1987-05-20,1.4540
1987-05-21,1.4590
1987-05-22,1.4605
1987-05-25,
1987-05-26,1.4880
1987-05-27,1.5070
1987-05-28,1.5065
1987-05-29,1.5125
1987-06-01,1.5220
1987-06-02,1.4880
1987-06-03,1.4938
1987-06-04,1.5035
1987-06-05,1.5040
1987-06-08,1.5015
1987-06-09,1.4833
1987-06-10,1.4870
1987-06-11,1.4840
1987-06-12,1.5000
1987-06-15,1.5125
1987-06-16,1.5210
1987-06-17,1.5184
1987-06-18,1.5160
1987-06-19,1.5220
1987-06-22,1.5285
1987-06-23,1.5190
1987-06-24,1.5115
1987-06-25,1.5190
1987-06-26,1.5145
1987-06-29,1.5220
1987-06-30,1.5155
1987-07-01,1.5195
1987-07-02,1.5220
1987-07-03,1.5307
1987-07-06,1.5345
1987-07-07,1.5345
1987-07-08,1.5337
1987-07-09,1.5350
1987-07-10,1.5405
1987-07-13,1.5370
1987-07-14,1.5405
1987-07-15,1.5230
1987-07-16,1.5292
1987-07-17,1.5475
1987-07-20,1.5505
1987-07-21,1.5480
1987-07-22,1.5458
1987-07-23,1.5370
1987-07-24,1.5360
1987-07-27,1.5388
1987-07-28,1.5386
1987-07-29,1.5405
1987-07-30,1.5388
1987-07-31,1.5385
1987-08-03,1.5440
1987-08-04,1.5680
1987-08-05,1.5575
1987-08-06,1.5620
1987-08-07,1.5725
1987-08-10,1.5735
1987-08-11,1.5772
1987-08-12,1.5727
1987-08-13,1.5660
1987-08-14,1.5580
1987-08-17,1.5576
1987-08-18,1.5270
1987-08-19,1.5265
1987-08-20,1.5145
1987-08-21,1.5047
1987-08-24,1.4970
1987-08-25,1.5030
1987-08-26,1.5040
1987-08-27,1.4930
1987-08-28,1.4922
1987-08-31,1.4935
1987-09-01,1.4975
1987-09-02,1.4890
1987-09-03,1.4830
1987-09-04,1.4870
1987-09-07,
1987-09-08,1.4843
1987-09-09,1.4870
1987-09-10,1.4960
1987-09-11,1.4905
1987-09-14,1.5080
1987-09-15,1.5048
1987-09-16,1.5060
1987-09-17,1.5070
1987-09-18,1.4967
1987-09-21,1.5053
1987-09-22,1.5080
1987-09-23,1.5125
1987-09-24,1.5109
1987-09-25,1.5113
1987-09-28,1.5140
1987-09-29,1.5288
1987-09-30,1.5336
1987-10-01,1.5340
1987-10-02,1.5352
1987-10-05,1.5355
1987-10-06,1.5307
1987-10-07,1.5240
1987-10-08,1.5187
1987-10-09,1.5090
1987-10-12,
1987-10-13,1.5096
1987-10-14,1.5015
1987-10-15,1.4900
1987-10-16,1.4930
1987-10-19,1.4773
1987-10-20,1.5010
1987-10-21,1.5060
1987-10-22,1.5050
1987-10-23,1.4790
1987-10-26,1.4630
1987-10-27,1.4535
1987-10-28,1.4440
1987-10-29,1.4350
1987-10-30,1.4290
1987-11-02,1.4163
1987-11-03,1.4142
1987-11-04,1.4110
1987-11-05,1.3680
1987-11-06,1.3790
1987-11-09,1.3655
1987-11-10,1.3660
1987-11-11,
1987-11-12,1.3980
1987-11-13,1.3885
1987-11-16,1.4000
1987-11-17,1.3900
1987-11-18,1.3835
1987-11-19,1.3768
1987-11-20,1.3800
1987-11-23,1.3690
1987-11-24,1.3865
1987-11-25,1.3715
1987-11-26,
1987-11-27,1.3585
1987-11-30,1.3455
1987-12-01,1.3610
1987-12-02,1.3520
1987-12-03,1.3590
1987-12-04,1.3645
1987-12-07,1.3665
1987-12-08,1.3645
1987-12-09,1.3610
1987-12-10,1.3345
1987-12-11,1.3310
1987-12-14,1.3282
1987-12-15,1.3280
1987-12-16,1.3285
1987-12-17,1.3170
1987-12-18,1.3275
1987-12-21,1.3295
1987-12-22,1.3235
1987-12-23,1.3305
1987-12-24,1.3215
1987-12-25,
1987-12-28,1.2900
1987-12-29,1.2890
1987-12-30,1.2895
1987-12-31,1.2715
1988-01-01,
1988-01-04,1.2850
1988-01-05,1.3250
1988-01-06,1.3470
1988-01-07,1.3378
1988-01-08,1.3493
1988-01-11,1.3377
1988-01-12,1.3346
1988-01-13,1.3303
1988-01-14,1.3362
1988-01-15,1.3720
1988-01-18,
1988-01-19,1.3660
1988-01-20,1.3490
1988-01-21,1.3510
1988-01-22,1.3567
1988-01-25,1.3616
1988-01-26,1.3605
1988-01-27,1.3615
1988-01-28,1.3565
1988-01-29,1.3673
1988-02-01,1.3825
1988-02-02,1.3730
1988-02-03,1.3795
1988-02-04,1.3820
1988-02-05,1.3920
1988-02-08,1.3865
1988-02-09,1.3932
1988-02-10,1.3863
1988-02-11,1.3875
1988-02-12,1.4070
1988-02-15,
1988-02-16,1.4020
1988-02-17,1.4027
1988-02-18,1.4067
1988-02-19,1.3995
1988-02-22,1.3912
1988-02-23,1.3902
1988-02-24,1.3947
1988-02-25,1.3960
1988-02-26,1.3875
1988-02-29,1.3925
1988-03-01,1.3917
1988-03-02,1.3987
1988-03-03,1.4070
1988-03-04,1.3993
1988-03-07,1.3838
1988-03-08,1.3775
1988-03-09,1.3790
1988-03-10,1.3795
1988-03-11,1.3720
1988-03-14,1.3725
1988-03-15,1.3770
1988-03-16,1.3840
1988-03-17,1.4014
1988-03-18,1.4065
1988-03-21,1.4002
1988-03-22,1.4020
1988-03-23,1.3980
1988-03-24,1.3887
1988-03-25,1.3865
1988-03-28,1.3707
1988-03-29,1.3745
1988-03-30,1.3730
1988-03-31,1.3625
1988-04-01,1.3650
1988-04-04,1.3635
1988-04-05,1.3757
1988-04-06,1.3830
1988-04-07,1.3905
1988-04-08,1.3828
1988-04-11,1.3958
1988-04-12,1.3982
1988-04-13,1.4050
1988-04-14,1.3740
1988-04-15,1.3725
1988-04-18,1.3710
1988-04-19,1.3754
1988-04-20,1.3752
1988-04-21,1.3752
1988-04-22,1.3835
1988-04-25,1.3885
1988-04-26,1.3866
1988-04-27,1.3880
1988-04-28,1.3846
1988-04-29,1.3935
1988-05-02,1.3980
1988-05-03,1.3950
1988-05-04,1.4000
1988-05-05,1.3993
1988-05-06,1.4020
1988-05-09,1.4010
1988-05-10,1.3949
1988-05-11,1.3940
1988-05-12,1.3960
1988-05-13,1.4002
1988-05-16,1.4045
1988-05-17,1.4195
1988-05-18,1.4215
1988-05-19,1.4172
1988-05-20,1.4207
1988-05-23,1.4175
1988-05-24,1.4220
1988-05-25,1.4250
1988-05-26,1.4240
1988-05-27,1.4365
1988-05-30,
1988-05-31,1.4438
1988-06-01,1.4412
1988-06-02,1.4370
1988-06-03,1.4395
1988-06-06,1.4325
1988-06-07,1.4290
1988-06-08,1.4325
1988-06-09,1.4357
1988-06-10,1.4373
1988-06-13,1.4425
1988-06-14,1.4627
1988-06-15,1.4660
1988-06-16,1.4614
1988-06-17,1.4575
1988-06-20,1.4635
1988-06-21,1.4626
1988-06-22,1.4731
1988-06-23,1.4780
1988-06-24,1.5070
1988-06-27,1.5055
1988-06-28,1.4980
1988-06-29,1.5155
1988-06-30,1.5060
1988-07-01,1.5135
1988-07-04,
1988-07-05,1.5165
1988-07-06,1.5137
1988-07-07,1.5100
1988-07-08,1.5307
1988-07-11,1.5347
1988-07-12,1.5232
1988-07-13,1.5310
1988-07-14,1.5320
1988-07-15,1.5557
1988-07-18,1.5626
1988-07-19,1.5480
1988-07-20,1.5367
1988-07-21,1.5290
1988-07-22,1.5180
1988-07-25,1.5343
1988-07-26,1.5460
1988-07-27,1.5383
1988-07-28,1.5510
1988-07-29,1.5620
1988-08-01,1.5620
1988-08-02,1.5625
1988-08-03,1.5625
1988-08-04,1.5684
1988-08-05,1.5810
1988-08-08,1.5905
1988-08-09,1.6030
1988-08-10,1.6005
1988-08-11,1.5905
1988-08-12,1.5752
1988-08-15,1.5780
1988-08-16,1.5698
1988-08-17,1.6040
1988-08-18,1.5973
1988-08-19,1.5920
1988-08-22,1.6117
1988-08-23,1.6050
1988-08-24,1.5955
1988-08-25,1.5725
1988-08-26,1.5660
1988-08-29,1.5755
1988-08-30,1.5760
1988-08-31,1.5850
1988-09-01,1.5810
1988-09-02,1.5640
1988-09-05,
1988-09-06,1.5535
1988-09-07,1.5547
1988-09-08,1.5630
1988-09-09,1.5623
1988-09-12,1.5538
1988-09-13,1.5602
1988-09-14,1.5835
1988-09-15,1.5820
1988-09-16,1.5845
1988-09-19,1.5790
1988-09-20,1.5747
1988-09-21,1.5836
1988-09-22,1.5875
1988-09-23,1.5850
1988-09-26,1.5936
1988-09-27,1.5908
1988-09-28,1.5900
1988-09-29,1.5932
1988-09-30,1.5835
1988-10-03,1.5788
1988-10-04,1.5801
1988-10-05,1.5833
1988-10-06,1.5830
1988-10-07,1.5800
1988-10-10,
1988-10-11,1.5710
1988-10-12,1.5510
1988-10-13,1.5395
1988-10-14,1.5308
1988-10-17,1.5300
1988-10-18,1.5245
1988-10-19,1.5298
1988-10-20,1.5225
1988-10-21,1.5077
1988-10-24,1.5159
1988-10-25,1.5175
1988-10-26,1.5041
1988-10-27,1.4955
1988-10-28,1.4980
1988-10-31,1.5015
1988-11-01,1.5005
1988-11-02,1.4945
1988-11-03,1.4850
1988-11-04,1.5037
1988-11-07,1.4940
1988-11-08,1.5017
1988-11-09,1.4815
1988-11-10,1.4770
1988-11-11,
1988-11-14,1.4650
1988-11-15,1.4635
1988-11-16,1.4465
1988-11-17,1.4525
1988-11-18,1.4587
1988-11-21,1.4520
1988-11-22,1.4473
1988-11-23,1.4405
1988-11-24,
1988-11-25,1.4370
1988-11-28,1.4508
1988-11-29,1.4453
1988-11-30,1.4535
1988-12-01,1.4525
1988-12-02,1.4503
1988-12-05,1.4450
1988-12-06,1.4523
1988-12-07,1.4790
1988-12-08,1.4660
1988-12-09,1.4612
1988-12-12,1.4662
1988-12-13,1.4710
1988-12-14,1.4654
1988-12-15,1.4725
1988-12-16,1.4895
1988-12-19,1.4880
1988-12-20,1.4990
1988-12-21,1.4940
1988-12-22,1.4975
1988-12-23,1.4985
1988-12-26,
1988-12-27,1.4995
1988-12-28,1.5135
1988-12-29,1.5150
1988-12-30,1.5020
1989-01-02,
1989-01-03,1.4973
1989-01-04,1.5188
1989-01-05,1.5310
1989-01-06,1.5490
1989-01-09,1.5575
1989-01-10,1.5645
1989-01-11,1.5552
1989-01-12,1.5562
1989-01-13,1.5627
1989-01-16,
1989-01-17,1.5765
1989-01-18,1.5903
1989-01-19,1.5910
1989-01-20,1.5685
1989-01-23,1.5575
1989-01-24,1.5610
1989-01-25,1.5680
1989-01-26,1.5677
1989-01-27,1.5865
1989-01-30,1.5792
1989-01-31,1.5997
1989-02-01,1.5840
1989-02-02,1.5855
1989-02-03,1.5975
1989-02-06,1.5965
1989-02-07,1.5865
1989-02-08,1.5910
1989-02-09,1.5795
1989-02-10,1.5825
1989-02-13,1.5895
1989-02-14,1.5700
1989-02-15,1.5635
1989-02-16,1.5642
1989-02-17,1.5600
1989-02-20,
1989-02-21,1.5690
1989-02-22,1.5685
1989-02-23,1.5540
1989-02-24,1.5570
1989-02-27,1.5525
1989-02-28,1.5549
1989-03-01,1.5685
1989-03-02,1.5747
1989-03-03,1.5747
1989-03-06,1.5840
1989-03-07,1.5835
1989-03-08,1.5860
1989-03-09,1.5900
1989-03-10,1.5920
1989-03-13,1.5975
1989-03-14,1.5902
1989-03-15,1.6090
1989-03-16,1.6115
1989-03-17,1.6180
1989-03-20,1.6155
1989-03-21,1.6220
1989-03-22,1.6230
1989-03-23,1.6255
1989-03-24,1.6285
1989-03-27,1.6415
1989-03-28,1.6530
1989-03-29,1.6445
1989-03-30,1.6585
1989-03-31,1.6625
1989-04-03,1.6495
1989-04-04,1.6322
1989-04-05,1.6420
1989-04-06,1.6395
1989-04-07,1.6490
1989-04-10,1.6563
1989-04-11,1.6650
1989-04-12,1.6675
1989-04-13,1.6470
1989-04-14,1.6500
1989-04-17,1.6363
1989-04-18,1.6285
1989-04-19,1.6360
1989-04-20,1.6277
1989-04-21,1.6330
1989-04-24,1.6430
1989-04-25,1.6442
1989-04-26,1.6582
1989-04-27,1.6588
1989-04-28,1.6735
1989-05-01,1.6895
1989-05-02,1.6780
1989-05-03,1.6835
1989-05-04,1.6865
1989-05-05,1.6988
1989-05-08,1.7050
1989-05-09,1.7042
1989-05-10,1.6930
1989-05-11,1.7055
1989-05-12,1.7200
1989-05-15,1.7380
1989-05-16,1.7360
1989-05-17,1.7645
1989-05-18,1.7560
1989-05-19,1.7583
1989-05-22,1.7923
1989-05-23,1.7883
1989-05-24,1.7860
1989-05-25,1.7562
1989-05-26,1.7370
1989-05-29,
1989-05-30,1.7555
1989-05-31,1.7060
1989-06-01,1.7050
1989-06-02,1.6850
1989-06-05,1.6950
1989-06-06,1.7135
1989-06-07,1.6990
1989-06-08,1.7130
1989-06-09,1.7400
1989-06-12,1.7555
1989-06-13,1.7527
1989-06-14,1.7525
1989-06-15,1.7492
1989-06-16,1.7210
1989-06-19,1.7055
1989-06-20,1.7400
1989-06-21,1.7030
1989-06-22,1.6852
1989-06-23,1.6650
1989-06-26,1.6845
1989-06-27,1.6855
1989-06-28,1.6890
1989-06-29,1.6770
1989-06-30,1.6790
1989-07-03,1.6540
1989-07-04,
1989-07-05,1.6205
1989-07-06,1.6225
1989-07-07,1.6200
1989-07-10,1.5960
1989-07-11,1.6170
1989-07-12,1.6145
1989-07-13,1.6195
1989-07-14,1.6465
1989-07-17,1.6475
1989-07-18,1.6410
1989-07-19,1.6468
1989-07-20,1.6415
1989-07-21,1.6457
1989-07-24,1.6450
1989-07-25,1.6315
1989-07-26,1.6130
1989-07-27,1.6080
1989-07-28,1.6242
1989-07-31,1.6065
1989-08-01,1.6075
1989-08-02,1.5922
1989-08-03,1.6073
1989-08-04,1.6350
1989-08-07,1.6380
1989-08-08,1.6268
1989-08-09,1.6355
1989-08-10,1.6310
1989-08-11,1.6725
1989-08-14,1.6752
1989-08-15,1.6785
1989-08-16,1.6725
1989-08-17,1.6970
1989-08-18,1.6850
1989-08-21,1.6817
1989-08-22,1.6725
1989-08-23,1.6875
1989-08-24,1.6880
1989-08-25,1.6847
1989-08-28,1.6880
1989-08-29,1.6695
1989-08-30,1.6770
1989-08-31,1.6880
1989-09-01,1.7100
1989-09-04,
1989-09-05,1.7177
1989-09-06,1.7050
1989-09-07,1.7130
1989-09-08,1.7090
1989-09-11,1.7155
1989-09-12,1.7160
1989-09-13,1.7096
1989-09-14,1.6985
1989-09-15,1.7269
1989-09-18,1.6850
1989-09-19,1.6875
1989-09-20,1.6805
1989-09-21,1.6837
1989-09-22,1.6890
1989-09-25,1.6570
1989-09-26,1.6400
1989-09-27,1.6320
1989-09-28,1.6323
1989-09-29,1.6228
1989-10-02,1.6245
1989-10-03,1.6255
1989-10-04,1.6275
1989-10-05,1.6370
1989-10-06,1.6455
1989-10-09,
1989-10-10,1.6570
1989-10-11,1.6700
1989-10-12,1.6730
1989-10-13,1.6615
1989-10-16,1.6350
1989-10-17,1.6235
1989-10-18,1.6255
1989-10-19,1.6220
1989-10-20,1.6260
1989-10-23,1.6250
1989-10-24,1.6120
1989-10-25,1.6120
1989-10-26,1.6090
1989-10-27,1.6020
1989-10-30,1.6070
1989-10-31,1.6145
1989-11-01,1.6140
1989-11-02,1.6235
1989-11-03,1.6220
1989-11-06,1.6242
1989-11-07,1.6195
1989-11-08,1.6170
1989-11-09,1.6217
1989-11-10,1.6377
1989-11-13,1.6410
1989-11-14,1.6315
1989-11-15,1.6230
1989-11-16,1.6285
1989-11-17,1.6320
1989-11-20,1.6325
1989-11-21,1.6183
1989-11-22,1.6147
1989-11-23,
1989-11-24,1.6150
1989-11-27,1.6055
1989-11-28,1.5960
1989-11-29,1.5885
1989-11-30,1.5915
1989-12-01,1.5925
1989-12-04,1.6000
1989-12-05,1.5900
1989-12-06,1.5865
1989-12-07,1.5925
1989-12-08,1.5980
1989-12-11,1.5970
1989-12-12,1.5780
1989-12-13,1.5760
1989-12-14,1.5640
1989-12-15,1.5500
1989-12-18,1.5477
1989-12-19,1.5620
1989-12-20,1.5625
1989-12-21,1.5580
1989-12-22,1.5495
1989-12-25,
1989-12-26,1.5510
1989-12-27,1.5360
1989-12-28,1.5395
1989-12-29,1.5410
1990-01-01,
1990-01-02,1.5768
1990-01-03,1.5785
1990-01-04,1.5420
1990-01-05,1.5370
1990-01-08,1.5238
1990-01-09,1.5270
1990-01-10,1.5125
1990-01-11,1.5160
1990-01-12,1.4945
1990-01-15,
1990-01-16,1.5165
1990-01-17,1.5067
1990-01-18,1.5185
1990-01-19,1.5145
1990-01-22,1.5320
1990-01-23,1.5080
1990-01-24,1.4965
1990-01-25,1.4880
1990-01-26,1.4980
1990-01-29,1.4860
1990-01-30,1.4910
1990-01-31,1.5040
1990-02-01,1.4982
1990-02-02,1.4970
1990-02-05,1.4802
1990-02-06,1.4769
1990-02-07,1.4815
1990-02-08,1.4948
1990-02-09,1.4970
1990-02-12,1.4958
1990-02-13,1.4970
1990-02-14,1.4923
1990-02-15,1.4955
1990-02-16,1.4935
1990-02-19,
1990-02-20,1.4850
1990-02-21,1.4747
1990-02-22,1.4725
1990-02-23,1.4770
1990-02-26,1.4870
1990-02-27,1.4833
1990-02-28,1.4915
1990-03-01,1.5060
1990-03-02,1.5135
1990-03-05,1.5000
1990-03-06,1.4995
1990-03-07,1.5067
1990-03-08,1.5093
1990-03-09,1.5123
1990-03-12,1.5239
1990-03-13,1.5280
1990-03-14,1.5270
1990-03-15,1.5220
1990-03-16,1.5095
1990-03-19,1.5087
1990-03-20,1.5167
1990-03-21,1.5210
1990-03-22,1.5150
1990-03-23,1.5185
1990-03-26,1.5265
1990-03-27,1.5180
1990-03-28,1.5160
1990-03-29,1.4980
1990-03-30,1.4975
1990-04-02,1.5075
1990-04-03,1.5027
1990-04-04,1.5065
1990-04-05,1.5010
1990-04-06,1.5013
1990-04-09,1.4962
1990-04-10,1.4963
1990-04-11,1.4840
1990-04-12,1.4828
1990-04-13,1.4850
1990-04-16,1.4903
1990-04-17,1.4905
1990-04-18,1.4840
1990-04-19,1.4828
1990-04-20,1.4913
1990-04-23,1.4930
1990-04-24,1.4880
1990-04-25,1.4670
1990-04-26,1.4615
1990-04-27,1.4570
1990-04-30,1.4505
1990-05-01,1.4555
1990-05-02,1.4555
1990-05-03,1.4544
1990-05-04,1.4447
1990-05-07,1.4325
1990-05-08,1.4330
1990-05-09,1.4040
1990-05-10,1.3955
1990-05-11,1.3952
1990-05-14,1.3957
1990-05-15,1.3980
1990-05-16,1.4000
1990-05-17,1.4040
1990-05-18,1.4048
1990-05-21,1.4240
1990-05-22,1.4180
1990-05-23,1.4123
1990-05-24,1.4200
1990-05-25,1.4255
1990-05-28,
1990-05-29,1.4098
1990-05-30,1.4210
1990-05-31,1.4330
1990-06-01,1.4360
1990-06-04,1.4410
1990-06-05,1.4347
1990-06-06,1.4285
1990-06-07,1.4385
1990-06-08,1.4478
1990-06-11,1.4405
1990-06-12,1.4370
1990-06-13,1.4328
1990-06-14,1.4355
1990-06-15,1.4360
1990-06-18,1.4165
1990-06-19,1.4077
1990-06-20,1.4145
1990-06-21,1.4155
1990-06-22,1.4090
1990-06-25,1.4107
1990-06-26,1.4060
1990-06-27,1.4080
1990-06-28,1.4137
1990-06-29,1.4155
1990-07-02,1.4040
1990-07-03,1.3945
1990-07-04,
1990-07-05,1.3997
1990-07-06,1.4015
1990-07-09,1.3955
1990-07-10,1.3963
1990-07-11,1.4035
1990-07-12,1.4050
1990-07-13,1.3930
1990-07-16,1.4165
1990-07-17,1.4070
1990-07-18,1.4088
1990-07-19,1.4100
1990-07-20,1.4075
1990-07-23,1.3885
1990-07-24,1.3750
1990-07-25,1.3740
1990-07-26,1.3782
1990-07-27,1.3685
1990-07-30,1.3650
1990-07-31,1.3477
1990-08-01,1.3555
1990-08-02,1.3565
1990-08-03,1.3510
1990-08-06,1.3322
1990-08-07,1.3310
1990-08-08,1.3440
1990-08-09,1.3385
1990-08-10,1.3390
1990-08-13,1.3165
1990-08-14,1.3060
1990-08-15,1.2930
1990-08-16,1.3035
1990-08-17,1.2815
1990-08-20,1.2918
1990-08-21,1.2868
1990-08-22,1.2735
1990-08-23,1.2605
1990-08-24,1.2685
1990-08-27,1.2750
1990-08-28,1.2815
1990-08-29,1.2850
1990-08-30,1.2960
1990-08-31,1.3085
1990-09-03,
1990-09-04,1.3175
1990-09-05,1.2975
1990-09-06,1.2988
1990-09-07,1.3040
1990-09-10,1.3190
1990-09-11,1.3305
1990-09-12,1.3232
1990-09-13,1.3139
1990-09-14,1.2905
1990-09-17,1.2870
1990-09-18,1.2825
1990-09-19,1.3060
1990-09-20,1.3200
1990-09-21,1.3222
1990-09-24,1.2975
1990-09-25,1.3020
1990-09-26,1.3112
1990-09-27,1.3080
1990-09-28,1.2995
1990-10-01,1.2895
1990-10-02,1.2920
1990-10-03,1.2850
1990-10-04,1.2770
1990-10-05,1.2910
1990-10-08,
1990-10-09,1.2775
1990-10-10,1.2780
1990-10-11,1.2910
1990-10-12,1.2785
1990-10-15,1.2885
1990-10-16,1.2790
1990-10-17,1.2735
1990-10-18,1.2740
1990-10-19,1.2700
1990-10-22,1.2820
1990-10-23,1.2817
1990-10-24,1.2700
1990-10-25,1.2770
1990-10-26,1.2810
1990-10-29,1.2870
1990-10-30,1.2895
1990-10-31,1.2870
1990-11-01,1.2762
1990-11-02,1.2707
1990-11-05,1.2505
1990-11-06,1.2500
1990-11-07,1.2440
1990-11-08,1.2485
1990-11-09,1.2500
1990-11-12,
1990-11-13,1.2537
1990-11-14,1.2460
1990-11-15,1.2522
1990-11-16,1.2440
1990-11-19,1.2457
1990-11-20,1.2473
1990-11-21,1.2513
1990-11-22,
1990-11-23,1.2585
1990-11-26,1.2675
1990-11-27,1.2600
1990-11-28,1.2683
1990-11-29,1.2770
1990-11-30,1.2765
1990-12-03,1.2920
1990-12-04,1.2842
1990-12-05,1.2835
1990-12-06,1.2725
1990-12-07,1.2630
1990-12-10,1.2620
1990-12-11,1.2675
1990-12-12,1.2645
1990-12-13,1.2655
1990-12-14,1.2742
1990-12-17,1.2750
1990-12-18,1.2703
1990-12-19,1.2700
1990-12-20,1.2898
1990-12-21,1.3090
1990-12-24,1.3160
1990-12-25,
1990-12-26,1.3070
1990-12-27,1.3060
1990-12-28,1.2795
1990-12-31,1.2770
1991-01-01,
1991-01-02,1.2622
1991-01-03,1.2665
1991-01-04,1.2755
1991-01-07,1.2921
1991-01-08,1.2880
1991-01-09,1.2732
1991-01-10,1.2885
1991-01-11,1.2800
1991-01-14,1.2831
1991-01-15,1.2873
1991-01-16,1.2890
1991-01-17,1.2725
1991-01-18,1.2620
1991-01-21,
1991-01-22,1.2582
1991-01-23,1.2532
1991-01-24,1.2580
1991-01-25,1.2600
1991-01-28,1.2635
1991-01-29,1.2605
1991-01-30,1.2675
1991-01-31,1.2580
1991-02-01,1.2525
1991-02-04,1.2512
1991-02-05,1.2490
1991-02-06,1.2347
1991-02-07,1.2375
1991-02-08,1.2445
1991-02-11,1.2355
1991-02-12,1.2450
1991-02-13,1.2495
1991-02-14,1.2570
1991-02-15,1.2680
1991-02-18,
1991-02-19,1.2815
1991-02-20,1.2798
1991-02-21,1.2743
1991-02-22,1.2895
1991-02-25,1.3040
1991-02-26,1.3050
1991-02-27,1.3160
1991-02-28,1.3265
1991-03-01,1.3320
1991-03-04,1.3400
1991-03-05,1.3355
1991-03-06,1.3455
1991-03-07,1.3500
1991-03-08,1.3645
1991-03-11,1.3705
1991-03-12,1.3625
1991-03-13,1.3695
1991-03-14,1.3685
1991-03-15,1.3873
1991-03-18,1.4120
1991-03-19,1.4285
1991-03-20,1.4230
1991-03-21,1.4105
1991-03-22,1.4093
1991-03-25,1.4290
1991-03-26,1.4353
1991-03-27,1.4545
1991-03-28,1.4555
1991-03-29,1.4450
1991-04-01,1.4382
1991-04-02,1.4243
1991-04-03,1.4161
1991-04-04,1.4015
1991-04-05,1.4190
1991-04-08,1.4322
1991-04-09,1.4125
1991-04-10,1.4240
1991-04-11,1.4120
1991-04-12,1.4265
1991-04-15,1.4235
1991-04-16,1.4180
1991-04-17,1.4260
1991-04-18,1.4430
1991-04-19,1.4715
1991-04-22,1.4810
1991-04-23,1.4595
1991-04-24,1.4698
1991-04-25,1.4658
1991-04-26,1.4795
1991-04-29,1.4840
1991-04-30,1.4490
1991-05-01,1.4450
1991-05-02,1.4590
1991-05-03,1.4760
1991-05-06,1.4702
1991-05-07,1.4590
1991-05-08,1.4650
1991-05-09,1.4730
1991-05-10,1.4590
1991-05-13,1.4440
1991-05-14,1.4322
1991-05-15,1.4315
1991-05-16,1.4410
1991-05-17,1.4710
1991-05-20,1.4587
1991-05-21,1.4495
1991-05-22,1.4600
1991-05-23,1.4563
1991-05-24,1.4546
1991-05-27,
1991-05-28,1.4455
1991-05-29,1.4630
1991-05-30,1.4660
1991-05-31,1.4822
1991-06-03,1.4895
1991-06-04,1.4850
1991-06-05,1.4962
1991-06-06,1.5025
1991-06-07,1.5190
1991-06-10,1.5118
1991-06-11,1.5145
1991-06-12,1.5325
1991-06-13,1.5373
1991-06-14,1.5335
1991-06-17,1.5460
1991-06-18,1.5621
1991-06-19,1.5387
1991-06-20,1.5417
1991-06-21,1.5468
1991-06-24,1.5335
1991-06-25,1.5525
1991-06-26,1.5440
1991-06-27,1.5495
1991-06-28,1.5582
1991-07-01,1.5650
1991-07-02,1.5805
1991-07-03,1.5830
1991-07-04,
1991-07-05,1.5755
1991-07-08,1.5635
1991-07-09,1.5735
1991-07-10,1.5720
1991-07-11,1.5898
1991-07-12,1.5499
1991-07-15,1.5478
1991-07-16,1.5615
1991-07-17,1.5535
1991-07-18,1.5355
1991-07-19,1.5150
1991-07-22,1.5230
1991-07-23,1.5255
1991-07-24,1.5118
1991-07-25,1.5305
1991-07-26,1.5150
1991-07-29,1.5325
1991-07-30,1.5288
1991-07-31,1.5260
1991-08-01,1.5357
1991-08-02,1.5080
1991-08-05,1.4990
1991-08-06,1.4952
1991-08-07,1.4945
1991-08-08,1.5075
1991-08-09,1.5150
1991-08-12,1.5100
1991-08-13,1.5140
1991-08-14,1.5185
1991-08-15,1.5230
1991-08-16,1.5405
1991-08-19,1.5510
1991-08-20,1.5485
1991-08-21,1.5230
1991-08-22,1.5050
1991-08-23,1.5320
1991-08-26,1.5275
1991-08-27,1.5227
1991-08-28,1.5173
1991-08-29,1.5255
1991-08-30,1.5285
1991-09-02,
1991-09-03,1.5265
1991-09-04,1.5238
1991-09-05,1.5273
1991-09-06,1.5225
1991-09-09,1.4900
1991-09-10,1.4805
1991-09-11,1.4863
1991-09-12,1.4775
1991-09-13,1.4760
1991-09-16,1.4635
1991-09-17,1.4585
1991-09-18,1.4678
1991-09-19,1.4777
1991-09-20,1.4725
1991-09-23,1.4590
1991-09-24,1.4575
1991-09-25,1.4645
1991-09-26,1.4657
1991-09-27,1.4595
1991-09-30,1.4490
1991-10-01,1.4520
1991-10-02,1.4538
1991-10-03,1.4576
1991-10-04,1.4685
1991-10-07,1.4725
1991-10-08,1.4860
1991-10-09,1.4810
1991-10-10,1.4820
1991-10-11,1.4820
1991-10-14,
1991-10-15,1.4945
1991-10-16,1.4880
1991-10-17,1.4885
1991-10-18,1.4765
1991-10-21,1.4810
1991-10-22,1.4795
1991-10-23,1.4890
1991-10-24,1.4885
1991-10-25,1.4895
1991-10-28,1.5003
1991-10-29,1.4785
1991-10-30,1.4640
1991-10-31,1.4650
1991-11-01,1.4610
1991-11-04,1.4348
1991-11-05,1.4490
1991-11-06,1.4510
1991-11-07,1.4390
1991-11-08,1.4510
1991-11-11,
1991-11-12,1.4515
1991-11-13,1.4530
1991-11-14,1.4475
1991-11-15,1.4530
1991-11-18,1.4260
1991-11-19,1.4190
1991-11-20,1.4220
1991-11-21,1.4188
1991-11-22,1.4107
1991-11-25,1.4085
1991-11-26,1.4010
1991-11-27,1.4275
1991-11-28,
1991-11-29,1.4360
1991-12-02,1.4235
1991-12-03,1.4290
1991-12-04,1.4290
1991-12-05,1.4080
1991-12-06,1.3897
1991-12-09,1.3905
1991-12-10,1.3955
1991-12-11,1.3920
1991-12-12,1.3970
1991-12-13,1.3985
1991-12-16,1.3950
1991-12-17,1.3950
1991-12-18,1.3945
1991-12-19,1.3833
1991-12-20,1.3620
1991-12-23,1.3460
1991-12-24,1.3550
1991-12-25,
1991-12-26,1.3445
1991-12-27,1.3510
1991-12-30,1.3555
1991-12-31,1.3615
1992-01-01,
1992-01-02,1.3650
1992-01-03,1.3762
1992-01-06,1.3490
1992-01-07,1.3492
1992-01-08,1.3510
1992-01-09,1.3830
1992-01-10,1.4110
1992-01-13,1.3982
1992-01-14,1.4115
1992-01-15,1.4437
1992-01-16,1.4370
1992-01-17,1.4225
1992-01-20,
1992-01-21,1.4037
1992-01-22,1.4060
1992-01-23,1.4170
1992-01-24,1.4095
1992-01-27,1.4375
1992-01-28,1.4210
1992-01-29,1.4185
1992-01-30,1.4420
1992-01-31,1.4290
1992-02-03,1.4245
1992-02-04,1.4215
1992-02-05,1.4175
1992-02-06,1.4070
1992-02-07,1.3900
1992-02-10,1.4033
1992-02-11,1.4245
1992-02-12,1.4392
1992-02-13,1.4595
1992-02-14,1.4680
1992-02-17,
1992-02-18,1.4895
1992-02-19,1.4888
1992-02-20,1.4895
1992-02-21,1.4940
1992-02-24,1.4907
1992-02-25,1.4855
1992-02-26,1.4990
1992-02-27,1.4890
1992-02-28,1.4845
1992-03-02,1.4878
1992-03-03,1.5070
1992-03-04,1.5240
1992-03-05,1.5242
1992-03-06,1.5170
1992-03-09,1.5080
1992-03-10,1.5185
1992-03-11,1.5085
1992-03-12,1.5130
1992-03-13,1.5075
1992-03-16,1.5105
1992-03-17,1.4965
1992-03-18,1.4928
1992-03-19,1.5150
1992-03-20,1.5255
1992-03-23,1.5175
1992-03-24,1.5145
1992-03-25,1.5000
1992-03-26,1.5165
1992-03-27,1.4965
1992-03-30,1.5042
1992-03-31,1.5020
1992-04-01,1.5090
1992-04-02,1.5027
1992-04-03,1.4890
1992-04-06,1.4887
1992-04-07,1.4920
1992-04-08,1.4923
1992-04-09,1.4870
1992-04-10,1.5080
1992-04-13,1.5250
1992-04-14,1.5135
1992-04-15,1.5335
1992-04-16,1.5430
1992-04-17,1.5450
1992-04-20,1.5485
1992-04-21,1.5474
1992-04-22,1.5415
1992-04-23,1.5420
1992-04-24,1.5330
1992-04-27,1.5300
1992-04-28,1.5173
1992-04-29,1.5220
1992-04-30,1.5170
1992-05-01,1.5010
1992-05-04,1.5045
1992-05-05,1.5083
1992-05-06,1.5020
1992-05-07,1.5117
1992-05-08,1.5290
1992-05-11,1.5280
1992-05-12,1.5045
1992-05-13,1.4945
1992-05-14,1.4760
1992-05-15,1.4885
1992-05-18,1.4650
1992-05-19,1.4595
1992-05-20,1.4705
1992-05-21,1.4825
1992-05-22,1.4890
1992-05-25,
1992-05-26,1.4792
1992-05-27,1.4865
1992-05-28,1.4768
1992-05-29,1.4562
1992-06-01,1.4617
1992-06-02,1.4610
1992-06-03,1.4703
1992-06-04,1.4615
1992-06-05,1.4500
1992-06-08,1.4523
1992-06-09,1.4560
1992-06-10,1.4520
1992-06-11,1.4315
1992-06-12,1.4270
1992-06-15,1.4150
1992-06-16,1.4070
1992-06-17,1.4200
1992-06-18,1.4125
1992-06-19,1.4165
1992-06-22,1.4150
1992-06-23,1.4170
1992-06-24,1.4045
1992-06-25,1.3920
1992-06-26,1.3845
1992-06-29,1.3680
1992-06-30,1.3747
1992-07-01,1.3665
1992-07-02,1.3580
1992-07-03,1.3575
1992-07-06,1.3538
1992-07-07,1.3485
1992-07-08,1.3480
1992-07-09,1.3720
1992-07-10,1.3560
1992-07-13,1.3360
1992-07-14,1.3481
1992-07-15,1.3362
1992-07-16,1.3280
1992-07-17,1.3070
1992-07-20,1.3130
1992-07-21,1.3225
1992-07-22,1.3220
1992-07-23,1.3160
1992-07-24,1.3300
1992-07-27,1.3128
1992-07-28,1.3039
1992-07-29,1.3207
1992-07-30,1.3210
1992-07-31,1.3195
1992-08-03,1.3198
1992-08-04,1.3200
1992-08-05,1.3235
1992-08-06,1.3310
1992-08-07,1.3128
1992-08-10,1.3172
1992-08-11,1.3252
1992-08-12,1.3215
1992-08-13,1.3140
1992-08-14,1.3242
1992-08-17,1.3150
1992-08-18,1.3112
1992-08-19,1.3024
1992-08-20,1.2915
1992-08-21,1.2790
1992-08-24,1.2425
1992-08-25,1.2480
1992-08-26,1.2600
1992-08-27,1.2650
1992-08-28,1.2590
1992-08-31,1.2465
1992-09-01,1.2405
1992-09-02,1.2395
1992-09-03,1.2630
1992-09-04,1.2515
1992-09-07,
1992-09-08,1.2327
1992-09-09,1.2520
1992-09-10,1.2495
1992-09-11,1.2890
1992-09-14,1.3155
1992-09-15,1.3145
1992-09-16,1.3205
1992-09-17,1.2950
1992-09-18,1.3050
1992-09-21,1.3005
1992-09-22,1.3020
1992-09-23,1.3105
1992-09-24,1.3055
1992-09-25,1.2970
1992-09-28,1.2715
1992-09-29,1.2465
1992-09-30,1.2372
1992-10-01,1.2450
1992-10-02,1.2352
1992-10-05,1.2260
1992-10-06,1.2490
1992-10-07,1.2645
1992-10-08,1.3012
1992-10-09,1.3145
1992-10-12,
1992-10-13,1.3138
1992-10-14,1.3040
1992-10-15,1.2942
1992-10-16,1.3185
1992-10-19,1.3230
1992-10-20,1.3610
1992-10-21,1.3480
1992-10-22,1.3510
1992-10-23,1.3630
1992-10-26,1.3685
1992-10-27,1.3660
1992-10-28,1.3700
1992-10-29,1.3760
1992-10-30,1.3770
1992-11-02,1.3985
1992-11-03,1.3925
1992-11-04,1.3980
1992-11-05,1.4170
1992-11-06,1.4315
1992-11-09,1.4265
1992-11-10,1.4375
1992-11-11,
1992-11-12,1.4350
1992-11-13,1.4130
1992-11-16,1.4390
1992-11-17,1.4550
1992-11-18,1.4560
1992-11-19,1.4340
1992-11-20,1.4320
1992-11-23,1.4400
1992-11-24,1.4373
1992-11-25,1.4310
1992-11-26,
1992-11-27,1.4420
1992-11-30,1.4375
1992-12-01,1.4150
1992-12-02,1.3915
1992-12-03,1.4115
1992-12-04,1.4342
1992-12-07,1.4000
1992-12-08,1.3935
1992-12-09,1.4070
1992-12-10,1.4125
1992-12-11,1.4055
1992-12-14,1.4085
1992-12-15,1.4100
1992-12-16,1.3970
1992-12-17,1.4015
1992-12-18,1.4115
1992-12-21,1.4140
1992-12-22,1.4350
1992-12-23,1.4420
1992-12-24,1.4485
1992-12-25,
1992-12-28,1.4550
1992-12-29,1.4630
1992-12-30,1.4595
1992-12-31,1.4660
1993-01-01,
1993-01-04,1.4790
1993-01-05,1.4702
1993-01-06,1.4870
1993-01-07,1.4925
1993-01-08,1.4950
1993-01-11,1.4885
1993-01-12,1.4975
1993-01-13,1.4925
1993-01-14,1.4815
1993-01-15,1.4970
1993-01-18,
1993-01-19,1.4745
1993-01-20,1.4705
1993-01-21,1.4810
1993-01-22,1.4595
1993-01-25,1.4432
1993-01-26,1.4525
1993-01-27,1.4605
1993-01-28,1.4610
1993-01-29,1.4880
1993-02-01,1.5185
1993-02-02,1.5240
1993-02-03,1.5252
1993-02-04,1.5305
1993-02-05,1.5280
1993-02-08,1.5321
1993-02-09,1.5285
1993-02-10,1.5345
1993-02-11,1.5349
1993-02-12,1.5404
1993-02-15,
1993-02-16,1.5075
1993-02-17,1.5050
1993-02-18,1.5095
1993-02-19,1.5070
1993-02-22,1.4905
1993-02-23,1.4840
1993-02-24,1.4975
1993-02-25,1.5155
1993-02-26,1.5260
1993-03-01,1.5265
1993-03-02,1.5215
1993-03-03,1.5270
1993-03-04,1.5185
1993-03-05,1.5467
1993-03-08,1.5385
1993-03-09,1.5433
1993-03-10,1.5362
1993-03-11,1.5245
1993-03-12,1.5223
1993-03-15,1.5220
1993-03-16,1.5230
1993-03-17,1.5335
1993-03-18,1.5215
1993-03-19,1.5095
1993-03-22,1.5146
1993-03-23,1.5097
1993-03-24,1.5080
1993-03-25,1.5217
1993-03-26,1.5088
1993-03-29,1.5090
1993-03-30,1.4960
1993-03-31,1.4915
1993-04-01,1.4824
1993-04-02,1.4910
1993-04-05,1.4770
1993-04-06,1.4895
1993-04-07,1.4885
1993-04-08,1.4797
1993-04-09,1.4765
1993-04-12,1.4630
1993-04-13,1.4455
1993-04-14,1.4575
1993-04-15,1.4655
1993-04-16,1.4770
1993-04-19,1.4698
1993-04-20,1.4637
1993-04-21,1.4620
1993-04-22,1.4580
1993-04-23,1.4300
1993-04-26,1.4180
1993-04-27,1.4262
1993-04-28,1.4330
1993-04-29,1.4290
1993-04-30,1.4350
1993-05-03,1.4325
1993-05-04,1.4170
1993-05-05,1.4175
1993-05-06,1.4205
1993-05-07,1.4290
1993-05-10,1.4545
1993-05-11,1.4585
1993-05-12,1.4610
1993-05-13,1.4583
1993-05-14,1.4510
1993-05-17,1.4690
1993-05-18,1.4787
1993-05-19,1.4745
1993-05-20,1.4640
1993-05-21,1.4730
1993-05-24,1.4717
1993-05-25,1.4590
1993-05-26,1.4625
1993-05-27,1.4380
1993-05-28,1.4185
1993-05-31,
1993-06-01,1.4250
1993-06-02,1.4250
1993-06-03,1.4287
1993-06-04,1.4590
1993-06-07,1.4555
1993-06-08,1.4575
1993-06-09,1.4742
1993-06-10,1.4682
1993-06-11,1.4500
1993-06-14,1.4500
1993-06-15,1.4633
1993-06-16,1.4860
1993-06-17,1.4785
1993-06-18,1.5005
1993-06-21,1.5015
1993-06-22,1.5134
1993-06-23,1.5075
1993-06-24,1.5180
1993-06-25,1.5128
1993-06-28,1.5048
1993-06-29,1.5010
1993-06-30,1.5105
1993-07-01,1.5065
1993-07-02,1.5090
1993-07-05,
1993-07-06,1.5110
1993-07-07,1.5170
1993-07-08,1.5145
1993-07-09,1.5315
1993-07-12,1.5290
1993-07-13,1.5185
1993-07-14,1.5115
1993-07-15,1.5170
1993-07-16,1.5150
1993-07-19,1.4985
1993-07-20,1.5055
1993-07-21,1.5008
1993-07-22,1.5022
1993-07-23,1.5185
1993-07-26,1.5210
1993-07-27,1.5210
1993-07-28,1.5140
1993-07-29,1.5240
1993-07-30,1.5230
1993-08-02,1.5025
1993-08-03,1.5013
1993-08-04,1.5065
1993-08-05,1.5111
1993-08-06,1.5010
1993-08-09,1.5035
1993-08-10,1.5177
1993-08-11,1.5282
1993-08-12,1.5265
1993-08-13,1.5265
1993-08-16,1.4975
1993-08-17,1.5065
1993-08-18,1.4895
1993-08-19,1.4850
1993-08-20,1.4770
1993-08-23,1.4855
1993-08-24,1.4795
1993-08-25,1.4855
1993-08-26,1.4685
1993-08-27,1.4710
1993-08-30,1.4738
1993-08-31,1.4805
1993-09-01,1.4590
1993-09-02,1.4517
1993-09-03,1.4290
1993-09-06,
1993-09-07,1.4169
1993-09-08,1.4230
1993-09-09,1.4007
1993-09-10,1.3945
1993-09-13,1.4080
1993-09-14,1.3975
1993-09-15,1.3905
1993-09-16,1.4017
1993-09-17,1.4010
1993-09-20,1.4035
1993-09-21,1.4300
1993-09-22,1.4190
1993-09-23,1.4340
1993-09-24,1.4385
1993-09-27,1.4260
1993-09-28,1.4130
1993-09-29,1.4130
1993-09-30,1.4310
1993-10-01,1.4247
1993-10-04,1.4187
1993-10-05,1.4215
1993-10-06,1.4220
1993-10-07,1.4260
1993-10-08,1.4055
1993-10-11,
1993-10-12,1.3995
1993-10-13,1.4058
1993-10-14,1.4227
1993-10-15,1.4270
1993-10-18,1.4345
1993-10-19,1.4450
1993-10-20,1.4552
1993-10-21,1.4685
1993-10-22,1.4758
1993-10-25,1.4720
1993-10-26,1.4830
1993-10-27,1.4820
1993-10-28,1.4920
1993-10-29,1.4830
1993-11-01,1.5015
1993-11-02,1.5015
1993-11-03,1.5020
1993-11-04,1.5035
1993-11-05,1.4925
1993-11-08,1.4852
1993-11-09,1.4960
1993-11-10,1.4940
1993-11-11,
1993-11-12,1.4978
1993-11-15,1.4915
1993-11-16,1.5005
1993-11-17,1.4975
1993-11-18,1.5030
1993-11-19,1.5070
1993-11-22,1.4935
1993-11-23,1.4892
1993-11-24,1.4927
1993-11-25,
1993-11-26,1.4980
1993-11-29,1.4910
1993-11-30,1.5002
1993-12-01,1.4965
1993-12-02,1.4978
1993-12-03,1.4897
1993-12-06,1.4665
1993-12-07,1.4662
1993-12-08,1.4665
1993-12-09,1.4675
1993-12-10,1.4567
1993-12-13,1.4650
1993-12-14,1.4657
1993-12-15,1.4665
1993-12-16,1.4600
1993-12-17,1.4550
1993-12-20,1.4630
1993-12-21,1.4515
1993-12-22,1.4377
1993-12-23,1.4340
1993-12-24,1.4390
1993-12-27,1.4450
1993-12-28,1.4385
1993-12-29,1.4570
1993-12-30,1.4840
1993-12-31,1.4880
1994-01-03,1.4910
1994-01-04,1.4875
1994-01-05,1.4807
1994-01-06,1.4807
1994-01-07,1.4700
1994-01-10,1.4730
1994-01-11,1.4775
1994-01-12,1.4660
1994-01-13,1.4775
1994-01-14,1.4810
1994-01-17,
1994-01-18,1.4642
1994-01-19,1.4610
1994-01-20,1.4540
1994-01-21,1.4645
1994-01-24,1.4650
1994-01-25,1.4710
1994-01-26,1.4705
1994-01-27,1.4718
1994-01-28,1.4625
1994-01-31,1.4627
1994-02-01,1.4500
1994-02-02,1.4525
1994-02-03,1.4505
1994-02-04,1.4568
1994-02-07,1.4707
1994-02-08,1.4800
1994-02-09,1.4760
1994-02-10,1.4780
1994-02-11,1.4765
1994-02-14,1.4705
1994-02-15,1.4535
1994-02-16,1.4545
1994-02-17,1.4565
1994-02-18,1.4510
1994-02-21,
1994-02-22,1.4493
1994-02-23,1.4540
1994-02-24,1.4393
1994-02-25,1.4285
1994-02-28,1.4250
1994-03-01,1.4400
1994-03-02,1.4275
1994-03-03,1.4325
1994-03-04,1.4405
1994-03-07,1.4385
1994-03-08,1.4395
1994-03-09,1.4355
1994-03-10,1.4205
1994-03-11,1.4165
1994-03-14,1.4370
1994-03-15,1.4385
1994-03-16,1.4335
1994-03-17,1.4335
1994-03-18,1.4345
1994-03-21,1.4370
1994-03-22,1.4295
1994-03-23,1.4285
1994-03-24,1.4190
1994-03-25,1.4165
1994-03-28,1.4218
1994-03-29,1.4255
1994-03-30,1.4165
1994-03-31,1.4097
1994-04-01,1.4265
1994-04-04,1.4275
1994-04-05,1.4426
1994-04-06,1.4489
1994-04-07,1.4512
1994-04-08,1.4435
1994-04-11,1.4417
1994-04-12,1.4498
1994-04-13,1.4417
1994-04-14,1.4453
1994-04-15,1.4528
1994-04-18,1.4575
1994-04-19,1.4425
1994-04-20,1.4400
1994-04-21,1.4343
1994-04-22,1.4376
1994-04-25,1.4328
1994-04-26,1.4333
1994-04-27,1.4240
1994-04-28,1.4195
1994-04-29,1.4110
1994-05-02,1.4000
1994-05-03,1.3995
1994-05-04,1.4105
1994-05-05,1.4166
1994-05-06,1.4147
1994-05-09,1.4125
1994-05-10,1.4302
1994-05-11,1.4280
1994-05-12,1.4270
1994-05-13,1.4255
1994-05-16,1.4262
1994-05-17,1.4157
1994-05-18,1.4075
1994-05-19,1.4098
1994-05-20,1.4057
1994-05-23,1.4070
1994-05-24,1.4140
1994-05-25,1.4017
1994-05-26,1.4038
1994-05-27,1.4025
1994-05-30,
1994-05-31,1.4033
1994-06-01,1.4005
1994-06-02,1.4050
1994-06-03,1.4170
1994-06-06,1.4150
1994-06-07,1.4126
1994-06-08,1.4130
1994-06-09,1.4155
1994-06-10,1.4060
1994-06-13,1.3884
1994-06-14,1.3835
1994-06-15,1.3735
1994-06-16,1.3720
1994-06-17,1.3592
1994-06-20,1.3500
1994-06-21,1.3445
1994-06-22,1.3520
1994-06-23,1.3475
1994-06-24,1.3320
1994-06-27,1.3210
1994-06-28,1.3280
1994-06-29,1.3315
1994-06-30,1.3325
1994-07-01,1.3355
1994-07-04,
1994-07-05,1.3288
1994-07-06,1.3210
1994-07-07,1.3250
1994-07-08,1.3220
1994-07-11,1.2960
1994-07-12,1.2845
1994-07-13,1.2955
1994-07-14,1.3075
1994-07-15,1.3125
1994-07-18,1.3055
1994-07-19,1.3220
1994-07-20,1.3200
1994-07-21,1.3315
1994-07-22,1.3500
1994-07-25,1.3500
1994-07-26,1.3490
1994-07-27,1.3357
1994-07-28,1.3410
1994-07-29,1.3445
1994-08-01,1.3315
1994-08-02,1.3340
1994-08-03,1.3350
1994-08-04,1.3355
1994-08-05,1.3345
1994-08-08,1.3315
1994-08-09,1.3341
1994-08-10,1.3270
1994-08-11,1.3280
1994-08-12,1.3095
1994-08-15,1.3027
1994-08-16,1.3012
1994-08-17,1.3080
1994-08-18,1.2990
1994-08-19,1.2925
1994-08-22,1.2890
1994-08-23,1.2980
1994-08-24,1.3020
1994-08-25,1.3065
1994-08-26,1.3237
1994-08-29,1.3370
1994-08-30,1.3325
1994-08-31,1.3315
1994-09-01,1.3240
1994-09-02,1.3085
1994-09-05,
1994-09-06,1.2950
1994-09-07,1.2955
1994-09-08,1.3055
1994-09-09,1.2830
1994-09-12,1.2820
1994-09-13,1.2915
1994-09-14,1.2780
1994-09-15,1.2845
1994-09-16,1.2735
1994-09-19,1.2880
1994-09-20,1.2870
1994-09-21,1.2825
1994-09-22,1.2845
1994-09-23,1.2835
1994-09-26,1.2875
1994-09-27,1.2835
1994-09-28,1.2845
1994-09-29,1.2850
1994-09-30,1.2865
1994-10-03,1.2930
1994-10-04,1.2890
1994-10-05,1.2780
1994-10-06,1.2805
1994-10-07,1.2817
1994-10-10,
1994-10-11,1.2905
1994-10-12,1.2870
1994-10-13,1.2840
1994-10-14,1.2630
1994-10-17,1.2490
1994-10-18,1.2490
1994-10-19,1.2460
1994-10-20,1.2470
1994-10-21,1.2483
1994-10-24,1.2470
1994-10-25,1.2450
1994-10-26,1.2505
1994-10-27,1.2515
1994-10-28,1.2610
1994-10-31,1.2550
1994-11-01,1.2480
1994-11-02,1.2540
1994-11-03,1.2740
1994-11-04,1.2720
1994-11-07,1.2670
1994-11-08,1.2590
1994-11-09,1.2800
1994-11-10,1.2865
1994-11-11,
1994-11-14,1.2940
1994-11-15,1.2995
1994-11-16,1.3056
1994-11-17,1.2980
1994-11-18,1.3190
1994-11-21,1.3220
1994-11-22,1.3195
1994-11-23,1.3140
1994-11-24,
1994-11-25,1.3225
1994-11-28,1.3275
1994-11-29,1.3255
1994-11-30,1.3250
1994-12-01,1.3305
1994-12-02,1.3310
1994-12-05,1.3270
1994-12-06,1.3300
1994-12-07,1.3283
1994-12-08,1.3370
1994-12-09,1.3385
1994-12-12,1.3335
1994-12-13,1.3305
1994-12-14,1.3301
1994-12-15,1.3262
1994-12-16,1.3312
1994-12-19,1.3308
1994-12-20,1.3299
1994-12-21,1.3260
1994-12-22,1.3329
1994-12-23,1.3343
1994-12-26,
1994-12-27,1.3305
1994-12-28,1.3286
1994-12-29,1.3097
1994-12-30,1.3100
1995-01-02,
1995-01-03,1.3130
1995-01-04,1.3130
1995-01-05,1.3035
1995-01-06,1.3100
1995-01-09,1.2945
1995-01-10,1.2890
1995-01-11,1.2865
1995-01-12,1.2805
1995-01-13,1.2910
1995-01-16,
1995-01-17,1.2870
1995-01-18,1.2885
1995-01-19,1.2815
1995-01-20,1.2715
1995-01-23,1.2695
1995-01-24,1.2710
1995-01-25,1.2755
1995-01-26,1.2735
1995-01-27,1.2745
1995-01-30,1.2680
1995-01-31,1.2845
1995-02-01,1.2890
1995-02-02,1.2842
1995-02-03,1.2910
1995-02-06,1.2948
1995-02-07,1.3015
1995-02-08,1.2968
1995-02-09,1.2930
1995-02-10,1.2847
1995-02-13,1.2838
1995-02-14,1.2782
1995-02-15,1.2787
1995-02-16,1.2590
1995-02-17,1.2590
1995-02-20,
1995-02-21,1.2480
1995-02-22,1.2490
1995-02-23,1.2500
1995-02-24,1.2483
1995-02-27,1.2358
1995-02-28,1.2332
1995-03-01,1.2405
1995-03-02,1.2370
1995-03-03,1.2160
1995-03-06,1.1695
1995-03-07,1.1445
1995-03-08,1.1640
1995-03-09,1.1612
1995-03-10,1.1785
1995-03-13,1.1740
1995-03-14,1.1770
1995-03-15,1.1485
1995-03-16,1.1642
1995-03-17,1.1505
1995-03-20,1.1640
1995-03-21,1.1767
1995-03-22,1.1675
1995-03-23,1.1665
1995-03-24,1.1760
1995-03-27,1.1595
1995-03-28,1.1495
1995-03-29,1.1412
1995-03-30,1.1710
1995-03-31,1.1330
1995-04-03,1.1242
1995-04-04,1.1370
1995-04-05,1.1322
1995-04-06,1.1280
1995-04-07,1.1350
1995-04-10,1.1605
1995-04-11,1.1525
1995-04-12,1.1562
1995-04-13,1.1495
1995-04-14,1.1522
1995-04-17,1.1292
1995-04-18,1.1260
1995-04-19,1.1172
1995-04-20,1.1430
1995-04-21,1.1360
1995-04-24,1.1375
1995-04-25,1.1320
1995-04-26,1.1395
1995-04-27,1.1350
1995-04-28,1.1455
1995-05-01,1.1460
1995-05-02,1.1350
1995-05-03,1.1330
1995-05-04,1.1290
1995-05-05,1.1320
1995-05-08,1.1245
1995-05-09,1.1320
1995-05-10,1.1540
1995-05-11,1.1900
1995-05-12,1.2050
1995-05-15,1.2085
1995-05-16,1.1985
1995-05-17,1.2005
1995-05-18,1.2180
1995-05-19,1.2010
1995-05-22,1.1990
1995-05-23,1.2045
1995-05-24,1.2000
1995-05-25,1.1650
1995-05-26,1.1380
1995-05-29,
1995-05-30,1.1440
1995-05-31,1.1675
1995-06-01,1.1710
1995-06-02,1.1690
1995-06-05,1.1555
1995-06-06,1.1700
1995-06-07,1.1580
1995-06-08,1.1685
1995-06-09,1.1585
1995-06-12,1.1545
1995-06-13,1.1603
1995-06-14,1.1560
1995-06-15,1.1705
1995-06-16,1.1622
1995-06-19,1.1645
1995-06-20,1.1570
1995-06-21,1.1520
1995-06-22,1.1580
1995-06-23,1.1475
1995-06-26,1.1515
1995-06-27,1.1450
1995-06-28,1.1625
1995-06-29,1.1500
1995-06-30,1.1515
1995-07-03,1.1460
1995-07-04,
1995-07-05,1.1468
1995-07-06,1.1488
1995-07-07,1.1580
1995-07-10,1.1613
1995-07-11,1.1660
1995-07-12,1.1660
1995-07-13,1.1605
1995-07-14,1.1635
1995-07-17,1.1663
1995-07-18,1.1585
1995-07-19,1.1575
1995-07-20,1.1503
1995-07-21,1.1565
1995-07-24,1.1503
1995-07-25,1.1600
1995-07-26,1.1525
1995-07-27,1.1468
1995-07-28,1.1460
1995-07-31,1.1505
1995-08-01,1.1460
1995-08-02,1.1588
1995-08-03,1.1493
1995-08-04,1.1495
1995-08-07,1.1655
1995-08-08,1.1690
1995-08-09,1.1640
1995-08-10,1.1780
1995-08-11,1.1910
1995-08-14,1.1940
1995-08-15,1.2240
1995-08-16,1.2273
1995-08-17,1.2265
1995-08-18,1.2210
1995-08-21,1.2210
1995-08-22,1.2310
1995-08-23,1.2255
1995-08-24,1.2210
1995-08-25,1.2184
1995-08-28,1.2040
1995-08-29,1.2110
1995-08-30,1.2110
1995-08-31,1.2060
1995-09-01,1.2010
1995-09-04,
1995-09-05,1.2015
1995-09-06,1.2140
1995-09-07,1.2140
1995-09-08,1.2170
1995-09-11,1.2065
1995-09-12,1.2018
1995-09-13,1.2205
1995-09-14,1.2105
1995-09-15,1.2095
1995-09-18,1.2105
1995-09-19,1.2025
1995-09-20,1.1785
1995-09-21,1.1453
1995-09-22,1.1355
1995-09-25,1.1495
1995-09-26,1.1620
1995-09-27,1.1520
1995-09-28,1.1470
1995-09-29,1.1560
1995-10-02,1.1507
1995-10-03,1.1610
1995-10-04,1.1517
1995-10-05,1.1467
1995-10-06,1.1480
1995-10-09,
1995-10-10,1.1480
1995-10-11,1.1555
1995-10-12,1.1532
1995-10-13,1.1585
1995-10-16,1.1495
1995-10-17,1.1485
1995-10-18,1.1543
1995-10-19,1.1505
1995-10-20,1.1415
1995-10-23,1.1260
1995-10-24,1.1307
1995-10-25,1.1350
1995-10-26,1.1390
1995-10-27,1.1325
1995-10-30,1.1340
1995-10-31,1.1360
1995-11-01,1.1395
1995-11-02,1.1415
1995-11-03,1.1375
1995-11-06,1.1392
1995-11-07,1.1395
1995-11-08,1.1435
1995-11-09,1.1387
1995-11-10,1.1355
1995-11-13,1.1430
1995-11-14,1.1400
1995-11-15,1.1347
1995-11-16,1.1420
1995-11-17,1.1353
1995-11-20,1.1390
1995-11-21,1.1389
1995-11-22,1.1345
1995-11-23,
1995-11-24,1.1435
1995-11-27,1.1590
1995-11-28,1.1545
1995-11-29,1.1629
1995-11-30,1.1755
1995-12-01,1.1740
1995-12-04,1.1686
1995-12-05,1.1680
1995-12-06,1.1690
1995-12-07,1.1685
1995-12-08,1.1687
1995-12-11,1.1693
1995-12-12,1.1751
1995-12-13,1.1780
1995-12-14,1.1637
1995-12-15,1.1650
1995-12-18,1.1485
1995-12-19,1.1535
1995-12-20,1.1567
1995-12-21,1.1575
1995-12-22,1.1592
1995-12-25,
1995-12-26,1.1560
1995-12-27,1.1530
1995-12-28,1.1565
1995-12-29,1.1540
1996-01-01,
1996-01-02,1.1573
1996-01-03,1.1605
1996-01-04,1.1737
1996-01-05,1.1605
1996-01-08,1.1631
1996-01-09,1.1658
1996-01-10,1.1635
1996-01-11,1.1617
1996-01-12,1.1605
1996-01-15,
1996-01-16,1.1755
1996-01-17,1.1847
1996-01-18,1.1866
1996-01-19,1.1942
1996-01-22,1.1886
1996-01-23,1.1920
1996-01-24,1.1936
1996-01-25,1.1953
1996-01-26,1.2079
1996-01-29,1.2080
1996-01-30,1.2133
1996-01-31,1.2123
1996-02-01,1.2195
1996-02-02,1.2180
1996-02-05,1.1970
1996-02-06,1.2022
1996-02-07,1.2088
1996-02-08,1.2055
1996-02-09,1.2085
1996-02-12,1.2015
1996-02-13,1.2070
1996-02-14,1.1981
1996-02-15,1.1995
1996-02-16,1.1879
1996-02-19,
1996-02-20,1.1845
1996-02-21,1.1867
1996-02-22,1.1815
1996-02-23,1.1728
1996-02-26,1.1785
1996-02-27,1.1820
1996-02-28,1.1953
1996-02-29,1.1990
1996-03-01,1.2053
1996-03-04,1.2022
1996-03-05,1.1998
1996-03-06,1.2009
1996-03-07,1.2018
1996-03-08,1.2062
1996-03-11,1.2016
1996-03-12,1.1970
1996-03-13,1.1915
1996-03-14,1.1900
1996-03-15,1.1892
1996-03-18,1.1913
1996-03-19,1.1914
1996-03-20,1.1910
1996-03-21,1.1953
1996-03-22,1.1945
1996-03-25,1.1928
1996-03-26,1.1923
1996-03-27,1.1993
1996-03-28,1.1905
1996-03-29,1.1897
1996-04-01,1.1948
1996-04-02,1.1930
1996-04-03,1.1946
1996-04-04,1.1937
1996-04-05,1.1970
1996-04-08,1.1920
1996-04-09,1.2058
1996-04-10,1.2178
1996-04-11,1.2115
1996-04-12,1.2262
1996-04-15,1.2306
1996-04-16,1.2315
1996-04-17,1.2260
1996-04-18,1.2225
1996-04-19,1.2225
1996-04-22,1.2275
1996-04-23,1.2295
1996-04-24,1.2326
1996-04-25,1.2359
1996-04-26,1.2360
1996-04-29,1.2332
1996-04-30,1.2415
1996-05-01,1.2497
1996-05-02,1.2445
1996-05-03,1.2420
1996-05-06,1.2455
1996-05-07,1.2402
1996-05-08,1.2334
1996-05-09,1.2355
1996-05-10,1.2476
1996-05-13,1.2492
1996-05-14,1.2511
1996-05-15,1.2533
1996-05-16,1.2580
1996-05-17,1.2546
1996-05-20,1.2625
1996-05-21,1.2673
1996-05-22,1.2660
1996-05-23,1.2637
1996-05-24,1.2670
1996-05-27,
1996-05-28,1.2740
1996-05-29,1.2710
1996-05-30,1.2586
1996-05-31,1.2510
1996-06-03,1.2515
1996-06-04,1.2582
1996-06-05,1.2574
1996-06-06,1.2610
1996-06-07,1.2668
1996-06-10,1.2663
1996-06-11,1.2679
1996-06-12,1.2644
1996-06-13,1.2590
1996-06-14,1.2530
1996-06-17,1.2485
1996-06-18,1.2491
1996-06-19,1.2535
1996-06-20,1.2541
1996-06-21,1.2637
1996-06-24,1.2618
1996-06-25,1.2615
1996-06-26,1.2590
1996-06-27,1.2515
1996-06-28,1.2505
1996-07-01,1.2495
1996-07-02,1.2513
1996-07-03,1.2530
1996-07-04,
1996-07-05,1.2660
1996-07-08,1.2635
1996-07-09,1.2612
1996-07-10,1.2645
1996-07-11,1.2570
1996-07-12,1.2580
1996-07-15,1.2559
1996-07-16,1.2207
1996-07-17,1.2115
1996-07-18,1.2145
1996-07-19,1.2165
1996-07-22,1.2075
1996-07-23,1.2130
1996-07-24,1.2138
1996-07-25,1.2080
1996-07-26,1.2110
1996-07-29,1.2073
1996-07-30,1.2035
1996-07-31,1.1978
1996-08-01,1.2008
1996-08-02,1.2040
1996-08-05,1.2030
1996-08-06,1.2049
1996-08-07,1.2095
1996-08-08,1.2103
1996-08-09,1.2050
1996-08-12,1.2010
1996-08-13,1.1993
1996-08-14,1.2080
1996-08-15,1.2057
1996-08-16,1.2112
1996-08-19,1.2066
1996-08-20,1.2077
1996-08-21,1.2004
1996-08-22,1.2071
1996-08-23,1.2000
1996-08-26,1.1935
1996-08-27,1.1937
1996-08-28,1.1928
1996-08-29,1.1985
1996-08-30,1.2009
1996-09-02,
1996-09-03,1.2080
1996-09-04,1.2060
1996-09-05,1.2072
1996-09-06,1.2165
1996-09-09,1.2185
1996-09-10,1.2331
1996-09-11,1.2326
1996-09-12,1.2395
1996-09-13,1.2413
1996-09-16,1.2394
1996-09-17,1.2450
1996-09-18,1.2423
1996-09-19,1.2440
1996-09-20,1.2395
1996-09-23,1.2341
1996-09-24,1.2378
1996-09-25,1.2359
1996-09-26,1.2535
1996-09-27,1.2565
1996-09-30,1.2555
1996-10-01,1.2545
1996-10-02,1.2545
1996-10-03,1.2538
1996-10-04,1.2566
1996-10-07,1.2562
1996-10-08,1.2508
1996-10-09,1.2537
1996-10-10,1.2520
1996-10-11,1.2547
1996-10-14,
1996-10-15,1.2680
1996-10-16,1.2658
1996-10-17,1.2695
1996-10-18,1.2717
1996-10-21,1.2640
1996-10-22,1.2648
1996-10-23,1.2546
1996-10-24,1.2565
1996-10-25,1.2600
1996-10-28,1.2585
1996-10-29,1.2545
1996-10-30,1.2530
1996-10-31,1.2623
1996-11-01,1.2700
1996-11-04,1.2718
1996-11-05,1.2778
1996-11-06,1.2784
1996-11-07,1.2670
1996-11-08,1.2660
1996-11-11,
1996-11-12,1.2635
1996-11-13,1.2684
1996-11-14,1.2745
1996-11-15,1.2792
1996-11-18,1.2673
1996-11-19,1.2705
1996-11-20,1.2653
1996-11-21,1.2667
1996-11-22,1.2695
1996-11-25,1.2865
1996-11-26,1.2905
1996-11-27,1.2924
1996-11-28,
1996-11-29,1.3033
1996-12-02,1.3140
1996-12-03,1.3285
1996-12-04,1.3230
1996-12-05,1.3138
1996-12-06,1.3155
1996-12-09,1.3268
1996-12-10,1.3275
1996-12-11,1.3105
1996-12-12,1.3140
1996-12-13,1.3167
1996-12-16,1.3270
1996-12-17,1.3210
1996-12-18,1.3322
1996-12-19,1.3370
1996-12-20,1.3325
1996-12-23,1.3375
1996-12-24,1.3450
1996-12-25,
1996-12-26,1.3453
1996-12-27,1.3503
1996-12-30,1.3515
1996-12-31,1.3390
1997-01-01,
1997-01-02,1.3430
1997-01-03,1.3587
1997-01-06,1.3581
1997-01-07,1.3540
1997-01-08,1.3650
1997-01-09,1.3683
1997-01-10,1.3768
1997-01-13,1.3790
1997-01-14,1.3765
1997-01-15,1.3738
1997-01-16,1.3772
1997-01-17,1.3945
1997-01-20,
1997-01-21,1.4145
1997-01-22,1.4273
1997-01-23,1.4230
1997-01-24,1.4081
1997-01-27,1.4226
1997-01-28,1.4291
1997-01-29,1.4255
1997-01-30,1.4226
1997-01-31,1.4190
1997-02-03,1.4205
1997-02-04,1.4260
1997-02-05,1.4285
1997-02-06,1.4255
1997-02-07,1.4448
1997-02-10,1.4265
1997-02-11,1.4345
1997-02-12,1.4483
1997-02-13,1.4531
1997-02-14,1.4632
1997-02-17,
1997-02-18,1.4705
1997-02-19,1.4887
1997-02-20,1.4767
1997-02-21,1.4725
1997-02-24,1.4556
1997-02-25,1.4642
1997-02-26,1.4773
1997-02-27,1.4780
1997-02-28,1.4735
1997-03-03,1.4770
1997-03-04,1.4872
1997-03-05,1.4812
1997-03-06,1.4860
1997-03-07,1.4852
1997-03-10,1.4732
1997-03-11,1.4726
1997-03-12,1.4656
1997-03-13,1.4642
1997-03-14,1.4582
1997-03-17,1.4585
1997-03-18,1.4395
1997-03-19,1.4469
1997-03-20,1.4494
1997-03-21,1.4595
1997-03-24,1.4564
1997-03-25,1.4675
1997-03-26,1.4651
1997-03-27,1.4490
1997-03-28,1.4505
1997-03-31,1.4383
1997-04-01,1.4427
1997-04-02,1.4445
1997-04-03,1.4335
1997-04-04,1.4422
1997-04-07,1.4648
1997-04-08,1.4692
1997-04-09,1.4770
1997-04-10,1.4704
1997-04-11,1.4660
1997-04-14,1.4689
1997-04-15,1.4693
1997-04-16,1.4715
1997-04-17,1.4690
1997-04-18,1.4589
1997-04-21,1.4496
1997-04-22,1.4596
1997-04-23,1.4624
1997-04-24,1.4615
1997-04-25,1.4690
1997-04-28,1.4690
1997-04-29,1.4668
1997-04-30,1.4745
1997-05-01,1.4685
1997-05-02,1.4700
1997-05-05,1.4741
1997-05-06,1.4615
1997-05-07,1.4621
1997-05-08,1.4440
1997-05-09,1.4230
1997-05-12,1.4385
1997-05-13,1.4376
1997-05-14,1.4395
1997-05-15,1.4355
1997-05-16,1.4205
1997-05-19,1.4288
1997-05-20,1.4075
1997-05-21,1.4060
1997-05-22,1.4145
1997-05-23,1.4048
1997-05-26,
1997-05-27,1.4165
1997-05-28,1.4162
1997-05-29,1.4120
1997-05-30,1.4145
1997-06-02,1.4285
1997-06-03,1.4383
1997-06-04,1.4481
1997-06-05,1.4482
1997-06-06,1.4540
1997-06-09,1.4377
1997-06-10,1.4445
1997-06-11,1.4375
1997-06-12,1.4413
1997-06-13,1.4405
1997-06-16,1.4416
1997-06-17,1.4465
1997-06-18,1.4478
1997-06-19,1.4363
1997-06-20,1.4399
1997-06-23,1.4328
1997-06-24,1.4393
1997-06-25,1.4383
1997-06-26,1.4382
1997-06-27,1.4496
1997-06-30,1.4606
1997-07-01,1.4590
1997-07-02,1.4719
1997-07-03,1.4660
1997-07-04,
1997-07-07,1.4590
1997-07-08,1.4655
1997-07-09,1.4602
1997-07-10,1.4498
1997-07-11,1.4601
1997-07-14,1.4720
1997-07-15,1.4803
1997-07-16,1.4832
1997-07-17,1.4815
1997-07-18,1.4730
1997-07-21,1.4755
1997-07-22,1.4900
1997-07-23,1.4840
1997-07-24,1.4995
1997-07-25,1.5150
1997-07-28,1.5200
1997-07-29,1.5170
1997-07-30,1.5150
1997-07-31,1.5145
1997-08-01,1.5260
1997-08-04,1.5255
1997-08-05,1.5360
1997-08-06,1.5317
1997-08-07,1.5295
1997-08-08,1.5070
1997-08-11,1.5230
1997-08-12,1.5285
1997-08-13,1.5101
1997-08-14,1.5195
1997-08-15,1.5055
1997-08-18,1.5120
1997-08-19,1.5165
1997-08-20,1.5270
1997-08-21,1.5165
1997-08-22,1.4978
1997-08-25,1.4996
1997-08-26,1.4875
1997-08-27,1.4965
1997-08-28,1.4833
1997-08-29,1.4889
1997-09-01,
1997-09-02,1.5060
1997-09-03,1.4986
1997-09-04,1.4970
1997-09-05,1.4753
1997-09-08,1.4875
1997-09-09,1.4885
1997-09-10,1.4774
1997-09-11,1.4710
1997-09-12,1.4662
1997-09-15,1.4494
1997-09-16,1.4480
1997-09-17,1.4593
1997-09-18,1.4665
1997-09-19,1.4588
1997-09-22,1.4726
1997-09-23,1.4745
1997-09-24,1.4601
1997-09-25,1.4578
1997-09-26,1.4530
1997-09-29,1.4510
1997-09-30,1.4548
1997-10-01,1.4609
1997-10-02,1.4560
1997-10-03,1.4491
1997-10-06,1.4521
1997-10-07,1.4450
1997-10-08,1.4455
1997-10-09,1.4561
1997-10-10,1.4572
1997-10-13,
1997-10-14,1.4615
1997-10-15,1.4580
1997-10-16,1.4558
1997-10-17,1.4755
1997-10-20,1.4732
1997-10-21,1.4885
1997-10-22,1.4793
1997-10-23,1.4685
1997-10-24,1.4636
1997-10-27,1.4552
1997-10-28,1.4115
1997-10-29,1.4178
1997-10-30,1.4059
1997-10-31,1.3995
1997-11-03,1.4134
1997-11-04,1.4070
1997-11-05,1.4073
1997-11-06,1.4050
1997-11-07,1.3958
1997-11-10,1.3912
1997-11-11,
1997-11-12,1.3998
1997-11-13,1.3975
1997-11-14,1.4065
1997-11-17,1.4096
1997-11-18,1.4035
1997-11-19,1.4043
1997-11-20,1.4083
1997-11-21,1.4182
1997-11-24,1.4055
1997-11-25,1.4073
1997-11-26,1.4180
1997-11-27,
1997-11-28,1.4255
1997-12-01,1.4330
1997-12-02,1.4331
1997-12-03,1.4285
1997-12-04,1.4308
1997-12-05,1.4390
1997-12-08,1.4525
1997-12-09,1.4570
1997-12-10,1.4460
1997-12-11,1.4335
1997-12-12,1.4333
1997-12-15,1.4305
1997-12-16,1.4415
1997-12-17,1.4343
1997-12-18,1.4394
1997-12-19,1.4278
1997-12-22,1.4380
1997-12-23,1.4338
1997-12-24,1.4346
1997-12-25,
1997-12-26,1.4342
1997-12-29,1.4474
1997-12-30,1.4558
1997-12-31,1.4610
1998-01-01,
1998-01-02,1.4670
1998-01-05,1.4803
1998-01-06,1.4790
1998-01-07,1.4765
1998-01-08,1.4732
1998-01-09,1.4763
1998-01-12,1.4744
1998-01-13,1.4765
1998-01-14,1.4828
1998-01-15,1.4933
1998-01-16,1.4975
1998-01-19,
1998-01-20,1.4983
1998-01-21,1.4861
1998-01-22,1.4701
1998-01-23,1.4449
1998-01-26,1.4585
1998-01-27,1.4498
1998-01-28,1.4623
1998-01-29,1.4673
1998-01-30,1.4820
1998-02-02,1.4730
1998-02-03,1.4689
1998-02-04,1.4590
1998-02-05,1.4473
1998-02-06,1.4556
1998-02-09,1.4653
1998-02-10,1.4650
1998-02-11,1.4633
1998-02-12,1.4510
1998-02-13,1.4655
1998-02-16,
1998-02-17,1.4731
1998-02-18,1.4690
1998-02-19,1.4715
1998-02-20,1.4705
1998-02-23,1.4506
1998-02-24,1.4539
1998-02-25,1.4653
1998-02-26,1.4655
1998-02-27,1.4662
1998-03-02,1.4660
1998-03-03,1.4694
1998-03-04,1.4770
1998-03-05,1.4841
1998-03-06,1.4939
1998-03-09,1.4950
1998-03-10,1.4915
1998-03-11,1.4930
1998-03-12,1.4853
1998-03-13,1.4765
1998-03-16,1.4825
1998-03-17,1.4788
1998-03-18,1.4905
1998-03-19,1.4939
1998-03-20,1.4993
1998-03-23,1.4902
1998-03-24,1.4900
1998-03-25,1.4940
1998-03-26,1.4895
1998-03-27,1.4972
1998-03-30,1.5210
1998-03-31,1.5245
1998-04-01,1.5335
1998-04-02,1.5317
1998-04-03,1.5302
1998-04-06,1.5285
1998-04-07,1.5297
1998-04-08,1.5104
1998-04-09,1.5127
1998-04-10,1.5156
1998-04-13,1.5123
1998-04-14,1.4925
1998-04-15,1.4930
1998-04-16,1.5041
1998-04-17,1.5005
1998-04-20,1.4937
1998-04-21,1.4825
1998-04-22,1.4840
1998-04-23,1.4910
1998-04-24,1.4903
1998-04-27,1.4860
1998-04-28,1.4930
1998-04-29,1.4955
1998-04-30,1.5005
1998-05-01,1.4883
1998-05-04,1.4895
1998-05-05,1.4835
1998-05-06,1.4735
1998-05-07,1.4703
1998-05-08,1.4795
1998-05-11,1.4860
1998-05-12,1.4805
1998-05-13,1.4809
1998-05-14,1.4840
1998-05-15,1.4879
1998-05-18,1.4880
1998-05-19,1.4825
1998-05-20,1.4758
1998-05-21,1.4645
1998-05-22,1.4650
1998-05-25,
1998-05-26,1.4700
1998-05-27,1.4722
1998-05-28,1.4755
1998-05-29,1.4820
1998-06-01,1.4765
1998-06-02,1.4800
1998-06-03,1.4778
1998-06-04,1.4675
1998-06-05,1.4770
1998-06-08,1.4772
1998-06-09,1.4773
1998-06-10,1.4885
1998-06-11,1.4905
1998-06-12,1.4970
1998-06-15,1.5095
1998-06-16,1.4975
1998-06-17,1.4920
1998-06-18,1.4965
1998-06-19,1.4940
1998-06-22,1.4970
1998-06-23,1.5065
1998-06-24,1.5080
1998-06-25,1.5104
1998-06-26,1.5255
1998-06-29,1.5275
1998-06-30,1.5150
1998-07-01,1.5285
1998-07-02,1.5355
1998-07-03,1.5300
1998-07-06,1.5255
1998-07-07,1.5281
1998-07-08,1.5280
1998-07-09,1.5420
1998-07-10,1.5385
1998-07-13,1.5185
1998-07-14,1.5205
1998-07-15,1.5153
1998-07-16,1.5070
1998-07-17,1.5050
1998-07-20,1.5045
1998-07-21,1.5123
1998-07-22,1.5100
1998-07-23,1.5120
1998-07-24,1.4948
1998-07-27,1.4995
1998-07-28,1.4925
1998-07-29,1.4870
1998-07-30,1.4870
1998-07-31,1.4915
1998-08-03,1.5020
1998-08-04,1.4970
1998-08-05,1.4915
1998-08-06,1.4908
1998-08-07,1.4982
1998-08-10,1.4973
1998-08-11,1.4895
1998-08-12,1.4835
1998-08-13,1.4885
1998-08-14,1.5090
1998-08-17,1.5029
1998-08-18,1.5105
1998-08-19,1.5070
1998-08-20,1.5045
1998-08-21,1.5030
1998-08-24,1.4996
1998-08-25,1.5030
1998-08-26,1.5053
1998-08-27,1.4820
1998-08-28,1.4530
1998-08-31,1.4417
1998-09-01,1.4405
1998-09-02,1.4450
1998-09-03,1.4193
1998-09-04,1.4252
1998-09-07,
1998-09-08,1.4123
1998-09-09,1.4165
1998-09-10,1.3905
1998-09-11,1.3860
1998-09-14,1.4047
1998-09-15,1.3945
1998-09-16,1.3955
1998-09-17,1.3850
1998-09-18,1.3900
1998-09-21,1.3805
1998-09-22,1.3895
1998-09-23,1.3955
1998-09-24,1.3880
1998-09-25,1.3805
1998-09-28,1.3900
1998-09-29,1.3895
1998-09-30,1.3808
1998-10-01,1.3640
1998-10-02,1.3523
1998-10-05,1.3470
1998-10-06,1.3442
1998-10-07,1.3180
1998-10-08,1.2935
1998-10-09,1.3230
1998-10-12,
1998-10-13,1.3286
1998-10-14,1.3325
1998-10-15,1.3230
1998-10-16,1.3148
1998-10-19,1.3235
1998-10-20,1.3462
1998-10-21,1.3480
1998-10-22,1.3423
1998-10-23,1.3375
1998-10-26,1.3463
1998-10-27,1.3497
1998-10-28,1.3483
1998-10-29,1.3452
1998-10-30,1.3548
1998-11-02,1.3500
1998-11-03,1.3559
1998-11-04,1.3670
1998-11-05,1.3585
1998-11-06,1.3742
1998-11-09,1.3995
1998-11-10,1.3920
1998-11-11,
1998-11-12,1.3955
1998-11-13,1.3907
1998-11-16,1.3735
1998-11-17,1.3740
1998-11-18,1.3747
1998-11-19,1.3870
1998-11-20,1.3912
1998-11-23,1.4066
1998-11-24,1.4090
1998-11-25,1.4075
1998-11-26,
1998-11-27,1.4152
1998-11-30,1.3963
1998-12-01,1.3783
1998-12-02,1.3700
1998-12-03,1.3667
1998-12-04,1.3710
1998-12-07,1.3756
1998-12-08,1.3659
1998-12-09,1.3603
1998-12-10,1.3396
1998-12-11,1.3295
1998-12-14,1.3338
1998-12-15,1.3415
1998-12-16,1.3441
1998-12-17,1.3487
1998-12-18,1.3482
1998-12-21,1.3630
1998-12-22,1.3655
1998-12-23,1.3630
1998-12-24,1.3760
1998-12-25,
1998-12-28,1.3720
1998-12-29,1.3630
1998-12-30,1.3805
1998-12-31,1.3735
1999-01-01,
1999-01-04,1.3666
1999-01-05,1.3694
1999-01-06,1.3852
1999-01-07,1.3863
1999-01-08,1.3970
1999-01-11,1.3963
1999-01-12,1.3890
1999-01-13,1.3585
1999-01-14,1.3618
1999-01-15,1.3785
1999-01-18,
1999-01-19,1.3752
1999-01-20,1.3902
1999-01-21,1.3855
1999-01-22,1.3829
1999-01-25,1.3823
1999-01-26,1.3870
1999-01-27,1.4012
1999-01-28,1.4165
1999-01-29,1.4168
1999-02-01,1.4232
1999-02-02,1.4111
1999-02-03,1.4135
1999-02-04,1.4170
1999-02-05,1.4173
1999-02-08,1.4175
1999-02-09,1.4183
1999-02-10,1.4083
1999-02-11,1.4154
1999-02-12,1.4157
1999-02-15,
1999-02-16,1.4290
1999-02-17,1.4247
1999-02-18,1.4250
1999-02-19,1.4462
1999-02-22,1.4483
1999-02-23,1.4495
1999-02-24,1.4520
1999-02-25,1.4345
1999-02-26,1.4495
1999-03-01,1.4620
1999-03-02,1.4582
1999-03-03,1.4610
1999-03-04,1.4700
1999-03-05,1.4686
1999-03-08,1.4612
1999-03-09,1.4675
1999-03-10,1.4566
1999-03-11,1.4685
1999-03-12,1.4608
1999-03-15,1.4660
1999-03-16,1.4665
1999-03-17,1.4483
1999-03-18,1.4534
1999-03-19,1.4620
1999-03-22,1.4640
1999-03-23,1.4586
1999-03-24,1.4575
1999-03-25,1.4681
1999-03-26,1.4845
1999-03-29,1.4877
1999-03-30,1.4890
1999-03-31,1.4775
1999-04-01,1.4810
1999-04-02,1.4810
1999-04-05,1.4912
1999-04-06,1.4725
1999-04-07,1.4807
1999-04-08,1.4724
1999-04-09,1.4832
1999-04-12,1.4795
1999-04-13,1.4900
1999-04-14,1.4879
1999-04-15,1.4973
1999-04-16,1.4993
1999-04-19,1.5097
1999-04-20,1.5065
1999-04-21,1.5080
1999-04-22,1.5095
1999-04-23,1.5071
1999-04-26,1.5132
1999-04-27,1.5085
1999-04-28,1.5137
1999-04-29,1.5190
1999-04-30,1.5257
1999-05-03,1.5252
1999-05-04,1.5170
1999-05-05,1.4975
1999-05-06,1.4920
1999-05-07,1.4910
1999-05-10,1.4895
1999-05-11,1.4998
1999-05-12,1.5025
1999-05-13,1.5080
1999-05-14,1.5058
1999-05-17,1.5013
1999-05-18,1.5030
1999-05-19,1.5050
1999-05-20,1.5083
1999-05-21,1.5175
1999-05-24,1.5115
1999-05-25,1.5050
1999-05-26,1.5220
1999-05-27,1.5265
1999-05-28,1.5280
1999-05-31,
1999-06-01,1.5230
1999-06-02,1.5365
1999-06-03,1.5375
1999-06-04,1.5385
1999-06-07,1.5425
1999-06-08,1.5250
1999-06-09,1.5250
1999-06-10,1.5240
1999-06-11,1.5195
1999-06-14,1.5300
1999-06-15,1.5315
1999-06-16,1.5492
1999-06-17,1.5455
1999-06-18,1.5412
1999-06-21,1.5458
1999-06-22,1.5455
1999-06-23,1.5478
1999-06-24,1.5395
1999-06-25,1.5290
1999-06-28,1.5416
1999-06-29,1.5495
1999-06-30,1.5555
1999-07-01,1.5690
1999-07-02,1.5678
1999-07-05,
1999-07-06,1.5650
1999-07-07,1.5690
1999-07-08,1.5731
1999-07-09,1.5775
1999-07-12,1.5828
1999-07-13,1.5777
1999-07-14,1.5717
1999-07-15,1.5710
1999-07-16,1.5745
1999-07-19,1.5738
1999-07-20,1.5405
1999-07-21,1.5267
1999-07-22,1.5285
1999-07-23,1.5294
1999-07-26,1.5069
1999-07-27,1.5065
1999-07-28,1.5020
1999-07-29,1.4900
1999-07-30,1.4925
1999-08-02,1.4995
1999-08-03,1.4975
1999-08-04,1.4862
1999-08-05,1.4805
1999-08-06,1.4863
1999-08-09,1.4972
1999-08-10,1.4895
1999-08-11,1.5024
1999-08-12,1.5060
1999-08-13,1.5157
1999-08-16,1.5173
1999-08-17,1.5215
1999-08-18,1.5230
1999-08-19,1.5025
1999-08-20,1.4988
1999-08-23,1.5145
1999-08-24,1.5242
1999-08-25,1.5315
1999-08-26,1.5339
1999-08-27,1.5303
1999-08-30,1.5332
1999-08-31,1.5130
1999-09-01,1.5135
1999-09-02,1.4938
1999-09-03,1.5073
1999-09-06,
1999-09-07,1.5108
1999-09-08,1.5103
1999-09-09,1.5172
1999-09-10,1.5440
1999-09-13,1.5425
1999-09-14,1.5408
1999-09-15,1.5455
1999-09-16,1.5384
1999-09-17,1.5441
1999-09-20,1.5435
1999-09-21,1.5328
1999-09-22,1.5267
1999-09-23,1.5393
1999-09-24,1.5300
1999-09-27,1.5361
1999-09-28,1.5240
1999-09-29,1.5075
1999-09-30,1.5022
1999-10-01,1.4867
1999-10-04,1.4878
1999-10-05,1.4894
1999-10-06,1.4875
1999-10-07,1.4860
1999-10-08,1.5000
1999-10-11,
1999-10-12,1.4832
1999-10-13,1.4790
1999-10-14,1.4735
1999-10-15,1.4592
1999-10-18,1.4620
1999-10-19,1.4681
1999-10-20,1.4790
1999-10-21,1.4730
1999-10-22,1.4975
1999-10-25,1.4992
1999-10-26,1.5135
1999-10-27,1.5200
1999-10-28,1.5238
1999-10-29,1.5243
1999-11-01,1.5291
1999-11-02,1.5305
1999-11-03,1.5344
1999-11-04,1.5436
1999-11-05,1.5513
1999-11-08,1.5535
1999-11-09,1.5465
1999-11-10,1.5398
1999-11-11,
1999-11-12,1.5575
1999-11-15,1.5560
1999-11-16,1.5542
1999-11-17,1.5411
1999-11-18,1.5564
1999-11-19,1.5543
1999-11-22,1.5510
1999-11-23,1.5590
1999-11-24,1.5721
1999-11-25,
1999-11-26,1.5795
1999-11-29,1.5878
1999-11-30,1.5893
1999-12-01,1.5920
1999-12-02,1.5950
1999-12-03,1.5925
1999-12-06,1.5608
1999-12-07,1.5645
1999-12-08,1.5600
1999-12-09,1.5741
1999-12-10,1.5745
1999-12-13,1.5834
1999-12-14,1.5895
1999-12-15,1.5903
1999-12-16,1.5758
1999-12-17,1.5888
1999-12-20,1.5900
1999-12-21,1.5847
1999-12-22,1.5863
1999-12-23,1.5770
1999-12-24,1.5855
1999-12-27,1.5835
1999-12-28,1.5940
1999-12-29,1.5977
1999-12-30,1.6015
1999-12-31,1.5930
2000-01-03,1.5808
2000-01-04,1.5565
2000-01-05,1.5526
2000-01-06,1.5540
2000-01-07,1.5623
2000-01-10,1.5704
2000-01-11,1.5605
2000-01-12,1.5660
2000-01-13,1.5707
2000-01-14,1.5945
2000-01-17,
2000-01-18,1.5942
2000-01-19,1.5965
2000-01-20,1.5915
2000-01-21,1.5973
2000-01-24,1.6090
2000-01-25,1.6085
2000-01-26,1.6102
2000-01-27,1.6317
2000-01-28,1.6485
2000-01-31,1.6495
2000-02-01,1.6540
2000-02-02,1.6502
2000-02-03,1.6255
2000-02-04,1.6470
2000-02-07,1.6426
2000-02-08,1.6301
2000-02-09,1.6232
2000-02-10,1.6280
2000-02-11,1.6305
2000-02-14,1.6435
2000-02-15,1.6330
2000-02-16,1.6302
2000-02-17,1.6274
2000-02-18,1.6282
2000-02-21,
2000-02-22,1.5983
2000-02-23,1.6082
2000-02-24,1.6200
2000-02-25,1.6475
2000-02-28,1.6615
2000-02-29,1.6665
2000-03-01,1.6568
2000-03-02,1.6714
2000-03-03,1.6712
2000-03-06,1.6750
2000-03-07,1.6810
2000-03-08,1.6770
2000-03-09,1.6595
2000-03-10,1.6661
2000-03-13,1.6702
2000-03-14,1.6715
2000-03-15,1.6618
2000-03-16,1.6593
2000-03-17,1.6620
2000-03-20,1.6605
2000-03-21,1.6615
2000-03-22,1.6750
2000-03-23,1.6522
2000-03-24,1.6333
2000-03-27,1.6468
2000-03-28,1.6551
2000-03-29,1.6725
2000-03-30,1.6605
2000-03-31,1.6630
2000-04-03,1.6587
2000-04-04,1.6500
2000-04-05,1.6330
2000-04-06,1.6390
2000-04-07,1.6383
2000-04-10,1.6435
2000-04-11,1.6415
2000-04-12,1.6490
2000-04-13,1.6520
2000-04-14,1.6408
2000-04-17,1.6440
2000-04-18,1.6603
2000-04-19,1.6755
2000-04-20,1.6772
2000-04-21,1.6760
2000-04-24,1.6712
2000-04-25,1.6985
2000-04-26,1.7085
2000-04-27,1.7310
2000-04-28,1.7250
2000-05-01,1.7135
2000-05-02,1.7185
2000-05-03,1.7369
2000-05-04,1.7353
2000-05-05,1.7323
2000-05-08,1.7305
2000-05-09,1.7219
2000-05-10,1.7150
2000-05-11,1.7252
2000-05-12,1.7090
2000-05-15,1.7033
2000-05-16,1.7152
2000-05-17,1.7398
2000-05-18,1.7377
2000-05-19,1.7347
2000-05-22,1.7185
2000-05-23,1.7295
2000-05-24,1.7208
2000-05-25,1.7210
2000-05-26,1.6828
2000-05-29,
2000-05-30,1.6885
2000-05-31,1.6883
2000-06-01,1.6878
2000-06-02,1.6680
2000-06-05,1.6630
2000-06-06,1.6430
2000-06-07,1.6365
2000-06-08,1.6410
2000-06-09,1.6443
2000-06-12,1.6356
2000-06-13,1.6255
2000-06-14,1.6318
2000-06-15,1.6386
2000-06-16,1.6178
2000-06-19,1.6230
2000-06-20,1.6280
2000-06-21,1.6390
2000-06-22,1.6455
2000-06-23,1.6565
2000-06-26,1.6510
2000-06-27,1.6379
2000-06-28,1.6420
2000-06-29,1.6375
2000-06-30,1.6317
2000-07-03,1.6323
2000-07-04,
2000-07-05,1.6220
2000-07-06,1.6250
2000-07-07,1.6278
2000-07-10,1.6275
2000-07-11,1.6335
2000-07-12,1.6510
2000-07-13,1.6608
2000-07-14,1.6532
2000-07-17,1.6575
2000-07-18,1.6608
2000-07-19,1.6781
2000-07-20,1.6680
2000-07-21,1.6638
2000-07-24,1.6700
2000-07-25,1.6528
2000-07-26,1.6493
2000-07-27,1.6605
2000-07-28,1.6753
2000-07-31,1.6689
2000-08-01,1.6758
2000-08-02,1.6887
2000-08-03,1.7087
2000-08-04,1.7053
2000-08-07,1.7005
2000-08-08,1.7147
2000-08-09,1.7187
2000-08-10,1.7065
2000-08-11,1.7181
2000-08-14,1.7214
2000-08-15,1.7095
2000-08-16,1.7093
2000-08-17,1.7085
2000-08-18,1.7235
2000-08-21,1.7275
2000-08-22,1.7405
2000-08-23,1.7282
2000-08-24,1.7117
2000-08-25,1.7095
2000-08-28,1.7130
2000-08-29,1.7238
2000-08-30,1.7360
2000-08-31,1.7425
2000-09-01,1.7230
2000-09-04,
2000-09-05,1.7488
2000-09-06,1.7780
2000-09-07,1.7720
2000-09-08,1.7869
2000-09-11,1.7715
2000-09-12,1.7710
2000-09-13,1.7635
2000-09-14,1.7736
2000-09-15,1.7805
2000-09-18,1.7870
2000-09-19,1.7765
2000-09-20,1.7845
2000-09-21,1.7715
2000-09-22,1.7295
2000-09-25,1.7390
2000-09-26,1.7279
2000-09-27,1.7325
2000-09-28,1.7288
2000-09-29,1.7265
2000-10-02,1.7322
2000-10-03,1.7365
2000-10-04,1.7395
2000-10-05,1.7491
2000-10-06,1.7515
2000-10-09,
2000-10-10,1.7515
2000-10-11,1.7328
2000-10-12,1.7415
2000-10-13,1.7595
2000-10-16,1.7790
2000-10-17,1.7773
2000-10-18,1.7875
2000-10-19,1.7875
2000-10-20,1.7885
2000-10-23,1.7985
2000-10-24,1.8005
2000-10-25,1.8165
2000-10-26,1.8250
2000-10-27,1.8065
2000-10-30,1.8068
2000-10-31,1.7978
2000-11-01,1.7765
2000-11-02,1.7799
2000-11-03,1.7667
2000-11-06,1.7725
2000-11-07,1.7728
2000-11-08,1.7775
2000-11-09,1.7739
2000-11-10,1.7657
2000-11-13,1.7637
2000-11-14,1.7723
2000-11-15,1.7815
2000-11-16,1.7883
2000-11-17,1.7915
2000-11-20,1.8000
2000-11-21,1.7995
2000-11-22,1.8050
2000-11-23,
2000-11-24,1.8085
2000-11-27,1.7803
2000-11-28,1.7633
2000-11-29,1.7595
2000-11-30,1.7365
2000-12-01,1.7285
2000-12-04,1.7060
2000-12-05,1.7153
2000-12-06,1.7078
2000-12-07,1.7015
2000-12-08,1.7063
2000-12-11,1.7150
2000-12-12,1.7144
2000-12-13,1.7175
2000-12-14,1.6990
2000-12-15,1.6795
2000-12-18,1.6845
2000-12-19,1.6940
2000-12-20,1.6765
2000-12-21,1.6722
2000-12-22,1.6485
2000-12-25,
2000-12-26,1.6342
2000-12-27,1.6435
2000-12-28,1.6450
2000-12-29,1.6202